163.55,160.44,0
163.5,160.38,0
163.45,160.33,0
163.4,160.28,0
163.35,160.23,0
163.3,160.18,0
163.25,160.13,0
163.2,160.08,0
163.15,160.03,0
163.1,159.99,0
163.05,159.94,0
163,159.9,0
162.96,159.85,0
162.91,159.81,0
162.86,159.76,0
162.81,159.72,0
162.76,159.67,0
162.72,159.63,0
162.67,159.58,0
162.62,159.53,0
162.57,159.49,0
162.52,159.44,0
162.47,159.39,0
162.43,159.34,0
162.38,159.3,0
162.33,159.25,0
162.28,159.2,0
162.23,159.15,0
162.18,159.1,0
162.14,159.06,0
162.09,159.01,0
162.04,158.96,0
161.99,158.91,0
161.94,158.86,0
161.89,158.82,0
161.85,158.77,0
161.8,158.72,0
161.75,158.67,0
161.71,158.63,0
161.66,158.58,0
161.61,158.53,0
161.57,158.49,0
161.52,158.44,0
161.47,158.4,0
161.43,158.35,0
161.38,158.31,0
161.34,158.27,0
161.29,158.22,0
161.25,158.18,0
161.21,158.13,0
161.16,158.09,0
161.12,158.04,0
161.07,158,0
161.03,157.96,0
160.98,157.91,0
160.94,157.87,0
160.9,157.83,0
160.85,157.78,0
160.81,157.74,0
160.77,157.7,0
160.72,157.65,0
160.68,157.61,0
160.63,157.56,0
160.59,157.52,0
160.55,157.47,0
160.5,157.43,0
160.46,157.38,0
160.41,157.33,0
160.37,157.29,0
160.32,157.24,0
160.28,157.19,0
160.23,157.15,0
160.19,157.1,0
160.15,157.05,0
160.1,157.01,0
160.06,156.96,0
160.01,156.92,0
159.97,156.87,0
159.93,156.83,0
159.88,156.78,0
159.84,156.74,0
159.8,156.69,0
159.75,156.65,0
159.71,156.6,0
159.66,156.56,0
159.62,156.51,0
159.58,156.47,0
159.53,156.42,0
159.49,156.38,0
159.45,156.33,0
159.4,156.29,0
159.36,156.24,0
159.32,156.2,0
159.27,156.15,0
159.23,156.11,0
159.19,156.07,0
159.15,156.03,0
159.11,155.99,0
159.07,155.95,0
159.03,155.91,0
158.99,155.87,0
158.95,155.83,0
158.91,155.8,0
158.87,155.76,0
158.83,155.73,0
158.79,155.69,0
158.75,155.66,0
158.72,155.62,0
158.68,155.59,0
158.64,155.55,0
158.61,155.52,0
158.57,155.49,0
158.53,155.46,0
158.5,155.42,0
158.46,155.39,0
158.43,155.36,0
158.39,155.32,0
158.35,155.29,0
158.31,155.25,0
158.28,155.22,0
158.24,155.18,0
158.2,155.14,0
158.16,155.1,0
158.12,155.06,0
158.08,155.02,0
158.04,154.98,0
157.99,154.93,0
157.95,154.89,0
157.91,154.85,0
157.87,154.81,0
157.83,154.76,0
157.79,154.72,0
157.75,154.68,0
157.71,154.64,0
157.67,154.6,0
157.63,154.56,0
157.6,154.52,0
157.56,154.48,0
157.52,154.45,0
157.48,154.41,0
157.44,154.37,0
157.4,154.32,0
157.36,154.28,0
157.32,154.24,0
157.28,154.19,0
157.23,154.14,0
157.19,154.1,0
157.15,154.05,0
157.1,154,0
157.06,153.95,0
157.01,153.9,0
156.97,153.85,0
156.92,153.8,0
156.88,153.75,0
156.83,153.69,0
156.78,153.64,0
156.74,153.59,0
156.69,153.54,0
156.65,153.49,0
156.6,153.44,0
156.55,153.39,0
156.51,153.34,0
156.46,153.29,0
156.42,153.24,0
156.37,153.2,0
156.33,153.15,0
156.29,153.11,0
156.24,153.06,0
156.2,153.02,0
156.16,152.98,0
156.11,152.94,0
156.07,152.9,0
156.03,152.86,0
155.99,152.82,0
155.95,152.78,0
155.91,152.74,0
155.87,152.7,0
155.83,152.67,0
155.79,152.63,0
155.75,152.59,0
155.71,152.56,0
155.66,152.52,0
155.62,152.48,0
155.58,152.45,0
155.54,152.41,0
155.5,152.37,0
155.46,152.34,0
155.42,152.3,0
155.38,152.26,0
155.34,152.23,0
155.3,152.19,0
155.26,152.15,0
155.22,152.12,0
155.18,152.08,0
155.13,152.04,0
155.09,152.01,0
155.05,151.97,0
155.01,151.93,0
154.97,151.89,0
154.93,151.85,0
154.89,151.81,0
154.84,151.77,0
154.8,151.73,0
154.76,151.69,0
154.72,151.65,0
154.67,151.61,0
154.63,151.56,0
154.58,151.52,0
154.54,151.47,0
154.49,151.43,0
154.45,151.38,0
154.4,151.33,0
154.35,151.28,0
154.3,151.22,0
154.25,151.17,0
154.2,151.12,0
154.15,151.06,0
154.1,151.01,0
154.05,150.95,0
154,150.89,0
153.95,150.84,0
153.9,150.78,0
153.85,150.72,0
153.79,150.66,0
153.74,150.6,0
153.69,150.54,0
153.63,150.48,0
153.58,150.42,0
153.53,150.36,0
153.47,150.3,0
153.42,150.24,0
153.36,150.18,0
153.31,150.12,0
153.25,150.06,0
153.2,150,0
153.15,149.94,0
153.09,149.88,0
153.04,149.83,0
152.98,149.77,0
152.93,149.71,0
152.87,149.65,0
152.82,149.59,0
152.76,149.54,0
152.71,149.48,0
152.66,149.43,0
152.6,149.37,0
152.55,149.32,0
152.49,149.26,0
152.44,149.21,0
152.39,149.16,0
152.33,149.1,0
152.28,149.05,0
152.23,149,0
152.18,148.95,0
152.12,148.9,0
152.07,148.86,0
152.02,148.81,0
151.97,148.76,0
151.92,148.72,0
151.87,148.67,0
151.82,148.63,0
151.77,148.58,0
151.72,148.54,0
151.67,148.5,0
151.62,148.46,0
151.57,148.41,0
151.52,148.37,0
151.47,148.33,0
151.42,148.29,0
151.37,148.25,0
151.32,148.21,0
151.27,148.16,0
151.22,148.12,0
151.18,148.08,0
151.13,148.03,0
151.08,147.99,0
151.03,147.95,0
150.97,147.9,0
150.92,147.85,0
150.87,147.81,0
150.82,147.76,0
150.77,147.71,0
150.72,147.66,0
150.67,147.61,0
150.61,147.56,0
150.56,147.51,0
150.51,147.46,0
150.45,147.41,0
150.4,147.35,0
150.35,147.3,0
150.29,147.24,0
150.23,147.18,0
150.18,147.13,0
150.12,147.07,0
150.06,147.01,0
150.01,146.94,0
149.95,146.88,0
149.89,146.82,0
149.83,146.75,0
149.77,146.69,0
149.71,146.62,0
149.65,146.55,0
149.59,146.49,0
149.53,146.43,0
149.47,146.36,0
149.42,146.3,0
149.36,146.24,0
149.3,146.18,0
149.25,146.11,0
149.19,146.05,0
149.13,146,0
149.08,145.94,0
149.02,145.88,0
148.96,145.82,0
148.91,145.76,0
148.85,145.69,0
148.79,145.63,0
148.73,145.57,0
148.67,145.51,0
148.61,145.44,0
148.55,145.38,0
148.49,145.32,0
148.43,145.25,0
148.37,145.19,0
148.31,145.12,0
148.25,145.06,0
148.19,145,0
148.13,144.93,0
148.08,144.88,0
148.02,144.82,0
147.96,144.76,0
147.91,144.7,0
147.85,144.65,0
147.79,144.6,0
147.74,144.55,0
147.69,144.49,0
147.63,144.44,0
147.58,144.39,0
147.52,144.34,0
147.46,144.28,0
147.41,144.23,0
147.35,144.18,0
147.29,144.12,0
147.24,144.07,0
147.18,144.01,0
147.12,143.95,0
147.06,143.9,0
147,143.84,0
146.94,143.78,0
146.88,143.72,0
146.82,143.67,0
146.76,143.61,0
146.7,143.55,0
146.64,143.49,0
146.58,143.43,0
146.52,143.37,0
146.46,143.31,0
146.4,143.25,0
146.34,143.19,0
146.28,143.13,0
146.22,143.07,0
146.16,143.02,0
146.1,142.96,0
146.04,142.9,0
145.98,142.84,0
145.92,142.78,0
145.86,142.73,0
145.8,142.67,0
145.75,142.61,0
145.69,142.56,0
145.63,142.51,0
145.57,142.45,0
145.52,142.4,0
145.46,142.35,0
145.41,142.3,0
145.35,142.25,0
145.3,142.2,0
145.24,142.14,0
145.19,142.09,0
145.13,142.05,0
145.08,142,0
145.03,141.95,0
144.97,141.9,0
144.92,141.85,0
144.87,141.8,0
144.81,141.75,0
144.76,141.69,0
144.7,141.64,0
144.65,141.59,0
144.6,141.54,0
144.54,141.49,0
144.49,141.44,0
144.43,141.38,0
144.38,141.33,0
144.33,141.28,0
144.27,141.22,0
144.22,141.17,0
144.17,141.12,0
144.11,141.06,0
144.06,141.01,0
144.01,140.96,0
143.95,140.9,0
143.9,140.85,0
143.84,140.79,0
143.79,140.74,0
143.74,140.68,0
143.68,140.62,0
143.63,140.57,0
143.57,140.51,0
143.52,140.45,0
143.47,140.4,0
143.41,140.34,0
143.36,140.29,0
143.3,140.23,0
143.25,140.17,0
143.2,140.12,0
143.14,140.06,0
143.09,140,0
143.04,139.95,0
142.98,139.89,0
142.93,139.84,0
142.88,139.78,0
142.82,139.73,0
142.77,139.67,0
142.72,139.61,0
142.67,139.56,0
142.61,139.5,0
142.56,139.45,0
142.51,139.4,0
142.46,139.34,0
142.4,139.29,0
142.35,139.23,0
142.3,139.18,0
142.25,139.13,0
142.2,139.08,0
142.15,139.02,0
142.1,138.97,0
142.05,138.92,0
142,138.87,0
141.95,138.82,0
141.9,138.78,0
141.85,138.73,0
141.8,138.68,0
141.75,138.64,0
141.71,138.59,0
141.66,138.55,0
141.61,138.5,0
141.56,138.46,0
141.52,138.41,0
141.47,138.37,0
141.42,138.32,0
141.37,138.27,0
141.33,138.23,0
141.28,138.18,0
141.23,138.14,0
141.18,138.09,0
141.14,138.04,0
141.09,138,0
141.04,137.95,0
140.99,137.91,0
140.95,137.86,0
140.9,137.81,0
140.85,137.77,0
140.8,137.72,0
140.76,137.68,0
140.71,137.63,0
140.66,137.58,0
140.62,137.54,0
140.57,137.49,0
140.53,137.45,0
140.48,137.41,0
140.43,137.36,0
140.39,137.32,0
140.34,137.28,0
140.3,137.23,0
140.26,137.19,0
140.21,137.15,0
140.17,137.11,0
140.12,137.06,0
140.08,137.02,0
140.04,136.98,0
139.99,136.94,0
139.95,136.9,0
139.91,136.85,0
139.86,136.81,0
139.82,136.77,0
139.77,136.72,0
139.73,136.68,0
139.68,136.63,0
139.64,136.59,0
139.59,136.54,0
139.55,136.49,0
139.5,136.44,0
139.46,136.4,0
139.41,136.35,0
139.36,136.3,0
139.32,136.25,0
139.27,136.2,0
139.22,136.15,0
139.18,136.1,0
139.13,136.05,0
139.08,135.99,0
139.03,135.94,0
138.98,135.88,0
138.93,135.83,0
138.88,135.77,0
138.83,135.72,0
138.78,135.66,0
138.73,135.6,0
138.68,135.54,0
138.63,135.49,0
138.57,135.43,0
138.52,135.37,0
138.47,135.32,0
138.42,135.27,0
138.37,135.21,0
138.33,135.16,0
138.28,135.11,0
138.23,135.06,0
138.18,135.01,0
138.13,134.95,0
138.08,134.91,0
138.03,134.86,0
137.99,134.81,0
137.94,134.76,0
137.89,134.71,0
137.84,134.66,0
137.8,134.62,0
137.75,134.57,0
137.7,134.53,0
137.66,134.48,0
137.61,134.44,0
137.56,134.39,0
137.52,134.35,0
137.47,134.3,0
137.42,134.26,0
137.38,134.22,0
137.33,134.17,0
137.29,134.13,0
137.24,134.09,0
137.2,134.05,0
137.15,134.01,0
137.11,133.97,0
137.06,133.93,0
137.02,133.89,0
136.98,133.86,0
136.93,133.82,0
136.89,133.78,0
136.84,133.74,0
136.8,133.7,0
136.75,133.65,0
136.71,133.61,0
136.66,133.56,0
136.61,133.52,0
136.56,133.47,0
136.51,133.42,0
136.46,133.37,0
136.42,133.32,0
136.37,133.27,0
136.32,133.23,0
136.27,133.17,0
136.22,133.12,0
136.17,133.07,0
136.12,133.02,0
136.07,132.97,0
136.02,132.92,0
135.96,132.87,0
135.91,132.82,0
135.86,132.77,0
135.81,132.71,0
135.76,132.66,0
135.71,132.61,0
135.67,132.56,0
135.62,132.51,0
135.57,132.46,0
135.52,132.41,0
135.47,132.36,0
135.42,132.32,0
135.37,132.27,0
135.33,132.22,0
135.28,132.17,0
135.23,132.13,0
135.18,132.08,0
135.14,132.03,0
135.09,131.99,0
135.04,131.94,0
134.99,131.89,0
134.95,131.84,0
134.9,131.79,0
134.85,131.75,0
134.8,131.7,0
134.75,131.65,0
134.7,131.59,0
134.65,131.54,0
134.6,131.49,0
134.55,131.44,0
134.5,131.39,0
134.45,131.34,0
134.4,131.28,0
134.35,131.23,0
134.3,131.18,0
134.25,131.12,0
134.2,131.07,0
134.15,131.02,0
134.1,130.96,0
134.04,130.91,0
133.99,130.86,0
133.94,130.8,0
133.89,130.75,0
133.84,130.7,0
133.79,130.65,0
133.74,130.6,0
133.69,130.55,0
133.64,130.5,0
133.59,130.45,0
133.54,130.4,0
133.49,130.36,0
133.45,130.31,0
133.4,130.27,0
133.35,130.22,0
133.31,130.18,0
133.26,130.13,0
133.21,130.09,0
133.16,130.04,0
133.12,129.99,0
133.07,129.95,0
133.02,129.9,0
132.97,129.86,0
132.92,129.81,0
132.88,129.76,0
132.83,129.71,0
132.78,129.67,0
132.73,129.62,0
132.68,129.57,0
132.63,129.52,0
132.58,129.48,0
132.53,129.43,0
132.48,129.38,0
132.43,129.33,0
132.38,129.28,0
132.33,129.23,0
132.28,129.17,0
132.23,129.12,0
132.17,129.07,0
132.12,129.01,0
132.07,128.96,0
132.01,128.9,0
131.96,128.84,0
131.91,128.79,0
131.85,128.73,0
131.8,128.67,0
131.74,128.62,0
131.69,128.56,0
131.64,128.5,0
131.58,128.44,0
131.53,128.39,0
131.47,128.33,0
131.41,128.27,0
131.36,128.21,0
131.3,128.15,0
131.24,128.09,0
131.19,128.03,0
131.13,127.97,0
131.07,127.9,0
131.01,127.84,0
130.95,127.78,0
130.89,127.71,0
130.84,127.65,0
130.77,127.58,0
130.71,127.52,0
130.65,127.45,0
130.59,127.39,0
130.53,127.32,0
130.47,127.26,0
130.41,127.19,0
130.35,127.13,0
130.28,127.06,0
130.22,127,0
130.16,126.93,0
130.1,126.87,0
130.04,126.81,0
129.98,126.75,0
129.92,126.69,0
129.86,126.63,0
129.8,126.57,0
129.74,126.51,0
129.68,126.45,0
129.62,126.39,0
129.56,126.32,0
129.5,126.26,0
129.43,126.2,0
129.37,126.14,0
129.31,126.07,0
129.24,126.01,0
129.18,125.95,0
129.12,125.89,0
129.05,125.82,0
128.99,125.76,0
128.93,125.7,0
128.86,125.64,0
128.8,125.58,0
128.73,125.51,0
128.67,125.45,0
128.61,125.39,0
128.54,125.32,0
128.48,125.26,0
128.41,125.2,0
128.35,125.13,0
128.28,125.07,0
128.21,125.01,0
128.15,124.94,0
128.08,124.88,0
128.02,124.82,0
127.95,124.75,0
127.89,124.69,0
127.82,124.63,0
127.76,124.57,0
127.69,124.5,0
127.63,124.44,0
127.56,124.38,0
127.5,124.32,0
127.43,124.26,0
127.37,124.19,0
127.3,124.13,0
127.23,124.07,0
127.17,124,0
127.1,123.94,0
127.03,123.87,0
126.97,123.81,0
126.9,123.74,0
126.83,123.68,0
126.77,123.61,0
126.7,123.55,0
126.63,123.48,0
126.57,123.41,0
126.5,123.35,0
126.43,123.28,0
126.36,123.22,0
126.3,123.15,0
126.23,123.08,0
126.16,123.02,0
126.09,122.95,0
126.02,122.88,0
125.96,122.81,0
125.89,122.74,0
125.82,122.67,0
125.75,122.59,0
125.68,122.52,0
125.6,122.45,0
125.53,122.38,0
125.46,122.3,0
125.39,122.23,0
125.32,122.15,0
125.25,122.08,0
125.17,122,0
125.1,121.92,0
125.03,121.85,0
124.95,121.77,0
124.88,121.69,0
124.8,121.61,0
124.73,121.54,0
124.66,121.46,0
124.58,121.38,0
124.51,121.3,0
124.43,121.23,0
124.36,121.15,0
124.29,121.07,0
124.21,120.99,0
124.14,120.92,0
124.06,120.84,0
123.99,120.76,0
123.92,120.69,0
123.84,120.61,0
123.77,120.53,0
123.69,120.46,0
123.62,120.38,0
123.54,120.3,0
123.47,120.23,0
123.39,120.15,0
123.31,120.07,0
123.24,120,0
123.16,119.92,0
123.09,119.84,0
123.01,119.77,0
122.94,119.69,0
122.86,119.62,0
122.78,119.54,0
122.71,119.46,0
122.63,119.39,0
122.56,119.31,0
122.48,119.24,0
122.4,119.16,0
122.33,119.09,0
122.25,119.01,0
122.18,118.94,0
122.1,118.87,0
122.03,118.8,0
121.96,118.73,0
121.89,118.66,0
121.81,118.6,0
121.74,118.53,0
121.67,118.47,0
121.6,118.4,0
121.53,118.34,0
121.47,118.28,0
121.4,118.22,0
121.33,118.16,0
121.26,118.1,0
121.19,118.04,0
121.13,117.98,0
121.06,117.92,0
120.99,117.86,0
120.93,117.81,0
120.86,117.75,0
120.8,117.69,0
120.73,117.63,0
120.67,117.57,0
120.6,117.52,0
120.54,117.46,0
120.47,117.4,0
120.41,117.35,0
120.35,117.29,0
120.28,117.23,0
120.22,117.18,0
120.16,117.12,0
120.1,117.06,0
120.03,117.01,0
119.97,116.95,0
119.91,116.89,0
119.85,116.84,0
119.79,116.78,0
119.73,116.73,0
119.67,116.67,0
119.61,116.62,0
119.55,116.56,0
119.5,116.5,0
119.44,116.45,0
119.38,116.39,0
119.32,116.33,0
119.26,116.28,0
119.2,116.22,0
119.15,116.16,0
119.09,116.1,0
119.03,116.04,0
118.97,115.98,0
118.91,115.92,0
118.85,115.86,0
118.8,115.8,0
118.74,115.74,0
118.68,115.68,0
118.62,115.62,0
118.57,115.56,0
118.51,115.5,0
118.46,115.44,0
118.4,115.38,0
118.34,115.32,0
118.29,115.26,0
118.24,115.21,0
118.18,115.15,0
118.13,115.09,0
118.07,115.03,0
118.02,114.98,0
117.97,114.92,0
117.92,114.86,0
117.87,114.81,0
117.81,114.75,0
117.76,114.7,0
117.71,114.65,0
117.66,114.59,0
117.61,114.54,0
117.56,114.49,0
117.51,114.43,0
117.46,114.38,0
117.41,114.32,0
117.36,114.27,0
117.31,114.21,0
117.26,114.16,0
117.2,114.1,0
117.15,114.04,0
117.1,113.99,0
117.05,113.93,0
116.99,113.87,0
116.94,113.82,0
116.89,113.76,0
116.84,113.71,0
116.79,113.65,0
116.74,113.6,0
116.69,113.55,0
116.64,113.5,0
116.59,113.45,0
116.54,113.4,0
116.5,113.35,0
116.45,113.3,0
116.4,113.24,0
116.35,113.19,0
116.3,113.14,0
116.25,113.09,0
116.2,113.04,0
116.15,112.99,0
116.1,112.93,0
116.05,112.88,0
116,112.83,0
115.95,112.78,0
115.9,112.73,0
115.85,112.68,0
115.8,112.64,0
115.75,112.59,0
115.7,112.54,0
115.66,112.49,0
115.61,112.45,0
115.56,112.4,0
115.51,112.36,0
115.46,112.31,0
115.42,112.26,0
115.37,112.21,0
115.32,112.17,0
115.27,112.12,0
115.22,112.07,0
115.17,112.02,0
115.12,111.97,0
115.07,111.92,0
115.02,111.87,0
114.97,111.82,0
114.92,111.77,0
114.87,111.72,0
114.82,111.68,0
114.77,111.63,0
114.73,111.58,0
114.68,111.53,0
114.63,111.49,0
114.58,111.44,0
114.53,111.4,0
114.49,111.35,0
114.44,111.31,0
114.4,111.27,0
114.35,111.22,0
114.31,111.18,0
114.26,111.14,0
114.22,111.1,0
114.17,111.06,0
114.13,111.02,0
114.09,110.98,0
114.04,110.94,0
114,110.9,0
113.96,110.86,0
113.91,110.82,0
113.87,110.77,0
113.82,110.73,0
113.77,110.68,0
113.73,110.64,0
113.68,110.59,0
113.63,110.54,0
113.58,110.49,0
113.53,110.44,0
113.48,110.39,0
113.43,110.34,0
113.38,110.28,0
113.33,110.23,0
113.28,110.17,0
113.23,110.12,0
113.18,110.06,0
113.13,110,0
113.07,109.95,0
113.02,109.89,0
112.97,109.83,0
112.92,109.77,0
112.86,109.71,0
112.81,109.66,0
112.76,109.6,0
112.71,109.55,0
112.66,109.49,0
112.61,109.44,0
112.56,109.39,0
112.51,109.33,0
112.46,109.28,0
112.41,109.23,0
112.36,109.18,0
112.3,109.12,0
112.25,109.07,0
112.2,109.02,0
112.15,108.96,0
112.1,108.91,0
112.05,108.85,0
111.99,108.79,0
111.94,108.74,0
111.88,108.68,0
111.83,108.63,0
111.78,108.57,0
111.73,108.52,0
111.68,108.47,0
111.62,108.42,0
111.57,108.37,0
111.52,108.32,0
111.47,108.27,0
111.43,108.23,0
111.38,108.18,0
111.33,108.14,0
111.28,108.1,0
111.24,108.05,0
111.19,108.01,0
111.15,107.97,0
111.1,107.94,0
111.06,107.9,0
111.01,107.86,0
110.97,107.82,0
110.93,107.79,0
110.88,107.75,0
110.84,107.72,0
110.8,107.69,0
110.76,107.65,0
110.72,107.62,0
110.68,107.59,0
110.64,107.56,0
110.6,107.53,0
110.56,107.5,0
110.52,107.47,0
110.48,107.44,0
110.44,107.41,0
110.4,107.38,0
110.37,107.35,0
110.33,107.31,0
110.29,107.28,0
110.25,107.25,0
110.21,107.21,0
110.17,107.18,0
110.13,107.14,0
110.09,107.1,0
110.05,107.06,0
110,107.02,0
109.96,106.98,0
109.92,106.94,0
109.88,106.9,0
109.83,106.85,0
109.79,106.81,0
109.75,106.77,0
109.71,106.73,0
109.67,106.68,0
109.63,106.64,0
109.59,106.6,0
109.55,106.56,0
109.51,106.51,0
109.47,106.47,0
109.43,106.43,0
109.39,106.39,0
109.35,106.34,0
109.31,106.3,0
109.27,106.26,0
109.23,106.21,0
109.19,106.17,0
109.15,106.13,0
109.11,106.09,0
109.07,106.04,0
109.03,106,0
108.99,105.96,0
108.95,105.91,0
108.91,105.86,0
108.87,105.82,0
108.83,105.77,0
108.79,105.72,0
108.75,105.67,0
108.7,105.62,0
108.66,105.57,0
108.62,105.52,0
108.58,105.47,0
108.53,105.42,0
108.49,105.37,0
108.45,105.32,0
108.41,105.28,0
108.36,105.23,0
108.32,105.18,0
108.28,105.13,0
108.24,105.08,0
108.2,105.04,0
108.15,104.99,0
108.11,104.95,0
108.07,104.9,0
108.03,104.85,0
107.98,104.81,0
107.94,104.76,0
107.9,104.71,0
107.85,104.66,0
107.81,104.62,0
107.77,104.57,0
107.72,104.52,0
107.68,104.47,0
107.63,104.42,0
107.59,104.38,0
107.54,104.33,0
107.5,104.28,0
107.45,104.24,0
107.41,104.19,0
107.36,104.15,0
107.32,104.11,0
107.28,104.06,0
107.23,104.02,0
107.19,103.98,0
107.14,103.94,0
107.1,103.89,0
107.05,103.85,0
107.01,103.82,0
106.89,98.047,0
106.55,91.621,0
106.26,90.121,0
106.05,89.063,0
105.87,88.254,0
105.64,90.807,0
105.6,94.802,0
105.62,96.09,0
105.57,96.726,0
105.48,97.036,0
105.37,97.14,0
105.24,97.097,0
105.11,96.94,0
104.97,96.692,0
104.82,96.372,0
104.66,95.993,0
104.51,95.566,0
104.35,95.101,0
104.19,94.605,0
104.02,94.086,0
103.86,93.55,0
103.71,93,0
103.55,92.439,0
103.4,91.869,0
103.25,91.293,0
103.1,90.715,0
102.96,90.139,0
102.82,89.565,0
102.69,88.993,0
102.57,88.425,0
102.45,87.863,0
102.34,87.309,0
102.24,86.768,0
102.14,86.243,0
102.05,85.738,0
101.96,85.259,0
101.89,84.809,0
101.82,84.395,0
101.76,84.023,0
101.7,83.698,0
101.66,83.426,0
101.62,83.211,0
101.6,83.058,0
101.58,82.972,0
101.57,82.954,0
101.57,83.011,0
101.58,83.142,0
101.6,83.349,0
101.64,83.634,0
101.68,83.998,0
101.74,84.441,0
101.8,84.962,0
101.88,85.56,0
101.96,86.235,0
102.06,86.983,0
102.17,87.803,0
102.29,88.69,0
102.41,89.642,0
102.55,90.653,0
102.69,91.719,0
102.85,92.832,0
103.01,93.986,0
103.18,95.17,0
103.36,96.375,0
103.54,97.592,0
103.73,98.808,0
103.93,100.01,0
104.12,101.2,0
104.32,102.36,0
104.53,103.47,0
104.73,104.54,0
104.93,105.56,0
105.13,106.53,0
105.33,107.44,0
105.53,108.28,0
105.72,109.07,0
105.91,109.79,0
106.09,110.46,0
106.26,111.07,0
106.43,111.62,0
106.58,112.11,0
106.73,112.55,0
106.87,112.94,0
106.99,113.29,0
107.11,113.58,0
107.21,113.83,0
107.3,114.04,0
107.38,114.2,0
107.45,114.33,0
107.5,114.42,0
107.54,114.48,0
107.56,114.51,0
107.57,114.51,0
107.57,114.48,0
107.55,114.44,0
107.51,114.37,0
107.47,114.28,0
107.4,114.18,0
107.33,114.07,0
107.24,113.95,0
107.14,113.81,0
107.02,113.67,0
106.9,113.52,0
106.76,113.37,0
106.61,113.21,0
106.46,113.04,0
106.29,112.87,0
106.12,112.68,0
105.93,112.49,0
105.74,112.28,0
105.55,112.06,0
105.35,111.82,0
105.14,111.57,0
104.93,111.29,0
104.72,110.99,0
104.5,110.67,0
104.28,110.31,0
104.06,109.93,0
103.84,109.52,0
103.62,109.08,0
103.4,108.6,0
103.19,108.09,0
102.97,107.55,0
102.76,106.99,0
102.54,106.39,0
102.34,105.78,0
102.13,105.15,0
101.93,104.51,0
101.74,103.86,0
101.54,103.21,0
101.36,102.56,0
101.18,101.93,0
101,101.31,0
100.84,100.71,0
100.68,100.14,0
100.52,99.592,0
100.37,99.079,0
100.23,98.599,0
100.09,98.155,0
99.967,97.747,0
99.845,97.376,0
99.731,97.041,0
99.623,96.742,0
99.521,96.477,0
99.427,96.244,0
99.338,96.042,0
99.256,95.869,0
99.181,95.723,0
99.111,95.602,0
99.046,95.503,0
98.988,95.425,0
98.934,95.365,0
98.885,95.32,0
98.84,95.29,0
98.8,95.273,0
98.763,95.266,0
98.73,95.267,0
98.7,95.276,0
98.672,95.29,0
98.646,95.308,0
98.62,95.328,0
98.596,95.349,0
98.572,95.371,0
98.549,95.392,0
98.525,95.412,0
98.501,95.43,0
98.476,95.445,0
98.449,95.456,0
98.422,95.463,0
98.393,95.467,0
98.363,95.466,0
98.332,95.462,0
98.299,95.452,0
98.264,95.437,0
98.227,95.416,0
98.188,95.389,0
98.147,95.356,0
98.103,95.316,0
98.056,95.27,0
98.007,95.217,0
97.956,95.157,0
97.902,95.091,0
97.845,95.018,0
97.786,94.938,0
97.724,94.853,0
97.66,94.761,0
97.593,94.664,0
97.524,94.561,0
97.453,94.452,0
97.38,94.339,0
97.304,94.22,0
97.226,94.096,0
97.145,93.966,0
97.061,93.83,0
96.975,93.69,0
96.886,93.544,0
96.795,93.394,0
96.702,93.24,0
96.608,93.081,0
96.511,92.918,0
96.413,92.752,0
96.314,92.583,0
96.215,92.412,0
96.115,92.24,0
96.015,92.068,0
95.915,91.895,0
95.815,91.722,0
95.716,91.549,0
95.616,91.378,0
95.518,91.207,0
95.42,91.039,0
95.323,90.873,0
95.226,90.709,0
95.13,90.547,0
95.034,90.387,0
94.938,90.229,0
94.843,90.075,0
94.748,89.924,0
94.654,89.776,0
94.562,89.632,0
94.47,89.493,0
94.379,89.358,0
94.289,89.229,0
94.2,89.104,0
94.113,88.985,0
94.028,88.873,0
93.944,88.767,0
93.862,88.667,0
93.782,88.574,0
93.703,88.489,0
93.627,88.41,0
93.552,88.339,0
93.48,88.276,0
93.409,88.221,0
93.341,88.174,0
93.275,88.136,0
93.211,88.107,0
93.15,88.087,0
93.092,88.075,0
93.035,88.073,0
92.982,88.08,0
92.93,88.096,0
92.881,88.12,0
92.833,88.153,0
92.788,88.194,0
92.745,88.243,0
92.704,88.298,0
92.663,88.361,0
92.625,88.429,0
92.587,88.504,0
92.551,88.583,0
92.515,88.668,0
92.481,88.756,0
92.447,88.849,0
92.414,88.944,0
92.381,89.041,0
92.348,89.141,0
92.316,89.241,0
92.284,89.342,0
92.252,89.442,0
92.219,89.542,0
92.186,89.64,0
92.153,89.736,0
92.119,89.829,0
92.084,89.918,0
92.048,90.004,0
92.012,90.086,0
91.974,90.163,0
91.935,90.234,0
91.895,90.301,0
91.854,90.362,0
91.811,90.416,0
91.767,90.465,0
91.722,90.507,0
91.675,90.542,0
91.626,90.571,0
91.576,90.592,0
91.523,90.607,0
91.47,90.615,0
91.414,90.615,0
91.357,90.609,0
91.298,90.596,0
91.237,90.576,0
91.175,90.549,0
91.11,90.516,0
91.044,90.475,0
90.976,90.428,0
90.907,90.375,0
90.836,90.314,0
90.763,90.247,0
90.688,90.174,0
90.611,90.094,0
90.533,90.007,0
90.453,89.915,0
90.371,89.816,0
90.287,89.711,0
90.203,89.601,0
90.116,89.485,0
90.029,89.364,0
89.94,89.237,0
89.849,89.105,0
89.757,88.968,0
89.664,88.825,0
89.569,88.678,0
89.473,88.527,0
89.376,88.371,0
89.278,88.211,0
89.179,88.048,0
89.079,87.881,0
88.978,87.711,0
88.877,87.539,0
88.776,87.365,0
88.675,87.19,0
88.574,87.014,0
88.473,86.837,0
88.373,86.66,0
88.273,86.483,0
88.173,86.307,0
88.074,86.131,0
87.976,85.956,0
87.878,85.783,0
87.781,85.611,0
87.685,85.44,0
87.589,85.271,0
87.493,85.103,0
87.399,84.938,0
87.305,84.775,0
87.212,84.614,0
87.119,84.456,0
87.027,84.301,0
86.937,84.149,0
86.847,84.001,0
86.758,83.856,0
86.67,83.714,0
86.583,83.577,0
86.498,83.443,0
86.413,83.314,0
86.33,83.188,0
86.248,83.067,0
86.166,82.949,0
86.086,82.835,0
86.007,82.726,0
85.929,82.62,0
85.852,82.517,0
85.776,82.419,0
85.701,82.325,0
85.627,82.234,0
85.554,82.146,0
85.482,82.062,0
85.411,81.981,0
85.341,81.902,0
85.271,81.827,0
85.202,81.754,0
85.134,81.683,0
85.067,81.615,0
85,81.55,0
84.934,81.486,0
84.869,81.424,0
84.804,81.364,0
84.74,81.306,0
84.677,81.25,0
84.614,81.194,0
84.551,81.14,0
84.489,81.087,0
84.428,81.034,0
84.366,80.982,0
84.304,80.93,0
84.243,80.879,0
84.181,80.827,0
84.119,80.775,0
84.057,80.723,0
83.996,80.671,0
83.934,80.618,0
83.871,80.566,0
83.809,80.512,0
83.746,80.459,0
83.683,80.404,0
83.62,80.348,0
83.556,80.292,0
83.491,80.234,0
83.426,80.175,0
83.361,80.115,0
83.295,80.054,0
83.228,79.993,0
83.161,79.93,0
83.093,79.866,0
83.025,79.801,0
82.956,79.734,0
82.887,79.667,0
82.816,79.598,0
82.745,79.527,0
82.674,79.456,0
82.601,79.383,0
82.528,79.31,0
82.455,79.235,0
82.38,79.159,0
82.306,79.083,0
82.231,79.006,0
82.156,78.93,0
82.082,78.855,0
82.009,78.781,0
81.936,78.708,0
81.863,78.636,0
81.791,78.565,0
81.72,78.495,0
81.649,78.426,0
81.579,78.359,0
81.509,78.293,0
81.44,78.228,0
81.37,78.162,0
81.3,78.096,0
81.23,78.03,0
81.159,77.965,0
81.089,77.899,0
81.018,77.833,0
80.947,77.768,0
80.875,77.702,0
80.804,77.637,0
80.732,77.573,0
80.661,77.508,0
80.589,77.445,0
80.518,77.382,0
80.446,77.319,0
80.375,77.258,0
80.304,77.197,0
80.232,77.136,0
80.161,77.077,0
80.09,77.018,0
80.019,76.961,0
79.948,76.904,0
79.878,76.848,0
79.807,76.793,0
79.737,76.738,0
79.666,76.685,0
79.596,76.632,0
79.526,76.58,0
79.456,76.529,0
79.386,76.479,0
79.316,76.429,0
79.246,76.379,0
79.176,76.33,0
79.106,76.281,0
79.036,76.232,0
78.966,76.183,0
78.895,76.134,0
78.824,76.085,0
78.753,76.036,0
78.682,75.987,0
78.61,75.938,0
78.539,75.888,0
78.467,75.839,0
78.397,75.791,0
78.326,75.744,0
78.257,75.698,0
78.188,75.652,0
78.119,75.607,0
78.051,75.563,0
77.983,75.519,0
77.916,75.476,0
77.849,75.433,0
77.782,75.39,0
77.716,75.347,0
77.65,75.304,0
77.584,75.262,0
77.519,75.219,0
77.454,75.175,0
77.389,75.132,0
77.324,75.088,0
77.259,75.044,0
77.195,74.999,0
77.13,74.953,0
77.066,74.907,0
77.001,74.86,0
76.936,74.811,0
76.871,74.761,0
76.805,74.71,0
76.739,74.657,0
76.673,74.603,0
76.607,74.547,0
76.54,74.49,0
76.473,74.431,0
76.405,74.37,0
76.337,74.308,0
76.268,74.244,0
76.199,74.178,0
76.128,74.109,0
76.057,74.038,0
75.985,73.965,0
75.913,73.89,0
75.839,73.812,0
75.765,73.733,0
75.69,73.652,0
75.615,73.568,0
75.539,73.484,0
75.463,73.398,0
75.387,73.312,0
75.311,73.224,0
75.234,73.136,0
75.158,73.048,0
75.082,72.958,0
75.006,72.869,0
74.93,72.778,0
74.853,72.688,0
74.777,72.597,0
74.701,72.505,0
74.625,72.413,0
74.548,72.321,0
74.472,72.227,0
74.395,72.133,0
74.317,72.039,0
74.24,71.944,0
74.163,71.85,0
74.086,71.754,0
74.008,71.659,0
73.931,71.564,0
73.853,71.469,0
73.776,71.374,0
73.699,71.279,0
73.621,71.185,0
73.544,71.091,0
73.468,70.998,0
73.391,70.905,0
73.314,70.813,0
73.238,70.721,0
73.162,70.63,0
73.086,70.54,0
73.011,70.451,0
72.936,70.363,0
72.862,70.276,0
72.788,70.191,0
72.715,70.107,0
72.642,70.025,0
72.57,69.944,0
72.499,69.864,0
72.428,69.785,0
72.357,69.708,0
72.287,69.632,0
72.217,69.557,0
72.148,69.482,0
72.078,69.408,0
72.009,69.335,0
71.94,69.263,0
71.871,69.191,0
71.802,69.119,0
71.734,69.049,0
71.665,68.978,0
71.597,68.909,0
71.529,68.84,0
71.461,68.773,0
71.395,68.708,0
71.329,68.644,0
71.264,68.582,0
71.2,68.521,0
71.137,68.462,0
71.075,68.404,0
71.013,68.348,0
70.952,68.293,0
70.891,68.239,0
70.831,68.186,0
70.771,68.132,0
70.71,68.079,0
70.65,68.025,0
70.589,67.971,0
70.528,67.917,0
70.467,67.862,0
70.406,67.807,0
70.345,67.752,0
70.283,67.697,0
70.221,67.641,0
70.16,67.586,0
70.099,67.531,0
70.039,67.477,0
69.979,67.423,0
69.919,67.371,0
69.86,67.318,0
69.802,67.267,0
69.744,67.216,0
69.686,67.165,0
69.629,67.115,0
69.573,67.065,0
69.515,67.014,0
69.458,66.963,0
69.4,66.91,0
69.341,66.856,0
69.282,66.801,0
69.222,66.745,0
69.162,66.687,0
69.102,66.629,0
69.04,66.569,0
68.979,66.509,0
68.917,66.447,0
68.854,66.385,0
68.792,66.323,0
68.73,66.26,0
68.668,66.198,0
68.606,66.135,0
68.544,66.073,0
68.482,66.01,0
68.421,65.947,0
68.359,65.885,0
68.298,65.822,0
68.236,65.76,0
68.175,65.697,0
68.114,65.634,0
68.052,65.571,0
67.991,65.508,0
67.93,65.445,0
67.868,65.382,0
67.807,65.319,0
67.746,65.256,0
67.684,65.193,0
67.623,65.13,0
67.562,65.068,0
67.501,65.006,0
67.441,64.944,0
67.381,64.883,0
67.321,64.823,0
67.261,64.764,0
67.203,64.705,0
67.144,64.647,0
67.086,64.59,0
67.028,64.533,0
66.97,64.477,0
66.913,64.422,0
66.856,64.366,0
66.799,64.312,0
66.743,64.257,0
66.686,64.202,0
66.629,64.148,0
66.573,64.094,0
66.517,64.04,0
66.46,63.987,0
66.404,63.933,0
66.348,63.88,0
66.292,63.827,0
66.236,63.775,0
66.181,63.722,0
66.125,63.671,0
66.07,63.619,0
66.015,63.568,0
65.961,63.517,0
65.906,63.467,0
65.852,63.417,0
65.798,63.367,0
65.744,63.317,0
65.69,63.268,0
65.636,63.218,0
65.582,63.168,0
65.528,63.117,0
65.474,63.067,0
65.42,63.016,0
65.365,62.964,0
65.31,62.913,0
65.256,62.861,0
65.201,62.808,0
65.146,62.755,0
65.09,62.702,0
65.034,62.648,0
64.978,62.593,0
64.922,62.538,0
64.865,62.481,0
64.808,62.424,0
64.751,62.367,0
64.693,62.308,0
64.635,62.249,0
64.576,62.189,0
64.517,62.129,0
64.459,62.069,0
64.401,62.01,0
64.343,61.951,0
64.286,61.893,0
64.23,61.835,0
64.174,61.779,0
64.119,61.723,0
64.063,61.667,0
64.009,61.612,0
63.955,61.558,0
63.901,61.505,0
63.848,61.451,0
63.794,61.397,0
63.74,61.343,0
63.687,61.289,0
63.633,61.234,0
63.579,61.18,0
63.526,61.125,0
63.472,61.069,0
63.418,61.014,0
63.365,60.959,0
63.311,60.903,0
63.257,60.847,0
63.204,60.792,0
63.15,60.736,0
63.097,60.68,0
63.044,60.625,0
62.991,60.569,0
62.938,60.513,0
62.885,60.458,0
62.832,60.402,0
62.779,60.347,0
62.727,60.292,0
62.675,60.237,0
62.624,60.183,0
62.572,60.13,0
62.522,60.077,0
62.472,60.025,0
62.422,59.974,0
62.373,59.923,0
62.324,59.872,0
62.275,59.823,0
62.227,59.774,0
62.179,59.724,0
62.131,59.675,0
62.082,59.624,0
62.034,59.573,0
61.984,59.522,0
61.935,59.469,0
61.885,59.417,0
61.835,59.363,0
61.784,59.309,0
61.733,59.254,0
61.682,59.199,0
61.63,59.143,0
61.579,59.087,0
61.527,59.03,0
61.474,58.973,0
61.422,58.915,0
61.369,58.856,0
61.315,58.797,0
61.262,58.738,0
61.208,58.679,0
61.154,58.619,0
61.1,58.558,0
61.045,58.498,0
60.991,58.438,0
60.937,58.378,0
60.883,58.318,0
60.828,58.258,0
60.774,58.199,0
60.72,58.139,0
60.666,58.08,0
60.612,58.021,0
60.558,57.963,0
60.504,57.904,0
60.451,57.847,0
60.398,57.791,0
60.345,57.735,0
60.294,57.681,0
60.242,57.628,0
60.192,57.576,0
60.142,57.525,0
60.092,57.476,0
60.043,57.427,0
59.994,57.379,0
59.946,57.332,0
59.898,57.285,0
59.85,57.238,0
59.802,57.192,0
59.754,57.145,0
59.705,57.098,0
59.657,57.051,0
59.608,57.003,0
59.56,56.956,0
59.511,56.909,0
59.462,56.861,0
59.413,56.813,0
59.364,56.766,0
59.315,56.719,0
59.267,56.673,0
59.219,56.627,0
59.172,56.582,0
59.124,56.537,0
59.077,56.493,0
59.031,56.45,0
58.985,56.407,0
58.939,56.364,0
58.893,56.322,0
58.847,56.281,0
58.802,56.239,0
58.757,56.198,0
58.712,56.157,0
58.668,56.117,0
58.623,56.077,0
58.579,56.036,0
58.535,55.997,0
58.491,55.957,0
58.447,55.917,0
58.404,55.878,0
58.36,55.838,0
58.316,55.798,0
58.272,55.757,0
58.228,55.717,0
58.184,55.675,0
58.139,55.634,0
58.094,55.591,0
58.05,55.549,0
58.005,55.506,0
57.96,55.462,0
57.914,55.418,0
57.869,55.374,0
57.824,55.33,0
57.778,55.286,0
57.733,55.241,0
57.688,55.197,0
57.643,55.153,0
57.599,55.109,0
57.554,55.065,0
57.51,55.02,0
57.465,54.976,0
57.421,54.932,0
57.377,54.888,0
57.332,54.844,0
57.288,54.799,0
57.244,54.754,0
57.199,54.709,0
57.155,54.664,0
57.11,54.618,0
57.066,54.573,0
57.021,54.527,0
56.977,54.481,0
56.932,54.435,0
56.887,54.388,0
56.842,54.341,0
56.797,54.293,0
56.751,54.245,0
56.705,54.196,0
56.659,54.146,0
56.612,54.096,0
56.565,54.046,0
56.518,53.995,0
56.47,53.943,0
56.422,53.891,0
56.375,53.838,0
56.327,53.786,0
56.279,53.734,0
56.231,53.682,0
56.183,53.63,0
56.135,53.579,0
56.088,53.527,0
56.04,53.476,0
55.993,53.425,0
55.945,53.374,0
55.898,53.323,0
55.851,53.273,0
55.804,53.224,0
55.758,53.176,0
55.713,53.129,0
55.668,53.083,0
55.623,53.038,0
55.579,52.993,0
55.535,52.95,0
55.492,52.907,0
55.449,52.865,0
55.406,52.824,0
55.364,52.783,0
55.322,52.742,0
55.279,52.701,0
55.236,52.659,0
55.192,52.616,0
55.148,52.573,0
55.104,52.529,0
55.059,52.485,0
55.014,52.44,0
54.969,52.395,0
54.923,52.349,0
54.877,52.303,0
54.83,52.256,0
54.784,52.21,0
54.738,52.163,0
54.691,52.117,0
54.645,52.07,0
54.599,52.024,0
54.553,51.978,0
54.506,51.931,0
54.46,51.885,0
54.413,51.839,0
54.367,51.792,0
54.32,51.746,0
54.273,51.698,0
54.225,51.65,0
54.178,51.601,0
54.129,51.552,0
54.081,51.502,0
54.031,51.452,0
53.982,51.401,0
53.932,51.349,0
53.882,51.297,0
53.831,51.245,0
53.78,51.191,0
53.729,51.137,0
53.677,51.082,0
53.624,51.027,0
53.571,50.971,0
53.518,50.914,0
53.464,50.856,0
53.41,50.798,0
53.355,50.739,0
53.299,50.68,0
53.244,50.62,0
53.188,50.56,0
53.133,50.501,0
53.078,50.443,0
53.023,50.385,0
52.969,50.328,0
52.915,50.271,0
52.861,50.215,0
52.807,50.16,0
52.753,50.105,0
52.7,50.051,0
52.647,49.998,0
52.594,49.944,0
52.541,49.891,0
52.489,49.839,0
52.436,49.786,0
52.383,49.734,0
52.331,49.682,0
52.278,49.63,0
52.225,49.578,0
52.173,49.527,0
52.12,49.476,0
52.068,49.425,0
52.015,49.374,0
51.963,49.323,0
51.911,49.274,0
51.859,49.224,0
51.808,49.175,0
51.756,49.126,0
51.705,49.078,0
51.654,49.03,0
51.603,48.982,0
51.552,48.935,0
51.502,48.888,0
51.451,48.841,0
51.401,48.795,0
51.351,48.75,0
51.302,48.704,0
51.253,48.66,0
51.204,48.615,0
51.155,48.572,0
51.107,48.528,0
51.059,48.485,0
51.011,48.442,0
50.963,48.399,0
50.915,48.356,0
50.867,48.313,0
50.818,48.268,0
50.769,48.223,0
50.72,48.177,0
50.67,48.131,0
50.62,48.083,0
50.569,48.035,0
50.518,47.986,0
50.467,47.937,0
50.415,47.886,0
50.363,47.835,0
50.311,47.783,0
50.257,47.73,0
50.204,47.675,0
50.15,47.62,0
50.095,47.565,0
50.04,47.508,0
49.984,47.45,0
49.928,47.392,0
49.872,47.332,0
49.815,47.272,0
49.758,47.212,0
49.701,47.151,0
49.643,47.09,0
49.586,47.029,0
49.528,46.967,0
49.47,46.906,0
49.412,46.844,0
49.354,46.782,0
49.296,46.72,0
49.238,46.658,0
49.18,46.596,0
49.122,46.534,0
49.064,46.472,0
49.006,46.411,0
48.948,46.35,0
48.891,46.289,0
48.833,46.229,0
48.776,46.168,0
48.719,46.109,0
48.662,46.049,0
48.605,45.99,0
48.548,45.932,0
48.491,45.873,0
48.434,45.814,0
48.377,45.755,0
48.32,45.697,0
48.263,45.638,0
48.205,45.579,0
48.148,45.52,0
48.09,45.461,0
48.033,45.402,0
47.975,45.343,0
47.917,45.284,0
47.86,45.226,0
47.802,45.168,0
47.745,45.11,0
47.688,45.053,0
47.631,44.996,0
47.574,44.939,0
47.517,44.883,0
47.46,44.827,0
47.403,44.771,0
47.347,44.716,0
47.291,44.661,0
47.234,44.606,0
47.178,44.552,0
47.123,44.499,0
47.067,44.446,0
47.012,44.393,0
46.957,44.341,0
46.902,44.289,0
46.847,44.237,0
46.792,44.186,0
46.738,44.135,0
46.684,44.085,0
46.63,44.034,0
46.576,43.985,0
46.522,43.935,0
46.468,43.886,0
46.415,43.837,0
46.362,43.788,0
46.309,43.74,0
46.256,43.691,0
46.203,43.643,0
46.151,43.595,0
46.098,43.547,0
46.045,43.498,0
45.992,43.448,0
45.938,43.398,0
45.884,43.347,0
45.83,43.295,0
45.775,43.242,0
45.719,43.188,0
45.664,43.134,0
45.608,43.079,0
45.551,43.023,0
45.495,42.967,0
45.437,42.91,0
45.38,42.852,0
45.323,42.794,0
45.265,42.735,0
45.206,42.675,0
45.148,42.615,0
45.089,42.554,0
45.03,42.493,0
44.971,42.431,0
44.911,42.369,0
44.852,42.307,0
44.793,42.246,0
44.734,42.185,0
44.677,42.125,0
44.619,42.067,0
44.562,42.008,0
44.506,41.951,0
44.45,41.894,0
44.394,41.838,0
44.339,41.783,0
44.285,41.728,0
44.23,41.674,0
44.176,41.619,0
44.121,41.564,0
44.066,41.508,0
44.01,41.452,0
43.954,41.395,0
43.899,41.338,0
43.843,41.281,0
43.786,41.223,0
43.73,41.165,0
43.673,41.107,0
43.617,41.049,0
43.56,40.991,0
43.504,40.933,0
43.447,40.875,0
43.391,40.817,0
43.335,40.759,0
43.279,40.702,0
43.223,40.645,0
43.167,40.588,0
43.111,40.531,0
43.055,40.474,0
42.999,40.417,0
42.943,40.359,0
42.886,40.3,0
42.828,40.241,0
42.77,40.181,0
42.712,40.121,0
42.654,40.06,0
42.595,39.998,0
42.535,39.936,0
42.475,39.874,0
42.416,39.811,0
42.356,39.748,0
42.296,39.687,0
42.237,39.626,0
42.178,39.565,0
42.12,39.505,0
42.061,39.446,0
42.004,39.387,0
41.946,39.329,0
41.889,39.272,0
41.831,39.215,0
41.775,39.159,0
41.717,39.102,0
41.66,39.045,0
41.603,38.988,0
41.545,38.931,0
41.487,38.873,0
41.429,38.815,0
41.37,38.757,0
41.311,38.698,0
41.253,38.639,0
41.194,38.58,0
41.135,38.522,0
41.076,38.464,0
41.018,38.406,0
40.96,38.35,0
40.903,38.294,0
40.846,38.24,0
40.79,38.186,0
40.734,38.133,0
40.679,38.08,0
40.624,38.028,0
40.57,37.977,0
40.515,37.927,0
40.461,37.876,0
40.407,37.826,0
40.353,37.775,0
40.299,37.724,0
40.244,37.674,0
40.19,37.623,0
40.136,37.573,0
40.082,37.522,0
40.028,37.471,0
39.974,37.42,0
39.92,37.37,0
39.867,37.32,0
39.814,37.27,0
39.761,37.22,0
39.708,37.171,0
39.656,37.123,0
39.604,37.074,0
39.552,37.026,0
39.501,36.978,0
39.449,36.931,0
39.398,36.883,0
39.348,36.836,0
39.297,36.79,0
39.247,36.743,0
39.197,36.697,0
39.148,36.65,0
39.098,36.604,0
39.049,36.558,0
39,36.512,0
38.951,36.467,0
38.902,36.421,0
38.854,36.375,0
38.805,36.329,0
38.756,36.281,0
38.706,36.232,0
38.655,36.182,0
38.604,36.131,0
38.552,36.078,0
38.5,36.024,0
38.447,35.969,0
38.393,35.913,0
38.339,35.856,0
38.284,35.798,0
38.229,35.738,0
38.173,35.678,0
38.116,35.616,0
38.059,35.553,0
38.002,35.49,0
37.943,35.425,0
37.885,35.359,0
37.825,35.293,0
37.766,35.225,0
37.705,35.157,0
37.645,35.089,0
37.584,35.021,0
37.524,34.953,0
37.465,34.887,0
37.406,34.822,0
37.348,34.758,0
37.291,34.695,0
37.233,34.633,0
37.177,34.572,0
37.121,34.512,0
37.065,34.453,0
37.01,34.395,0
36.955,34.336,0
36.899,34.277,0
36.843,34.218,0
36.787,34.158,0
36.73,34.098,0
36.673,34.038,0
36.615,33.977,0
36.557,33.915,0
36.499,33.854,0
36.44,33.792,0
36.382,33.73,0
36.323,33.669,0
36.265,33.608,0
36.207,33.549,0
36.15,33.49,0
36.093,33.432,0
36.037,33.375,0
35.98,33.319,0
35.925,33.263,0
35.869,33.209,0
35.814,33.155,0
35.759,33.101,0
35.704,33.048,0
35.649,32.995,0
35.594,32.942,0
35.539,32.889,0
35.484,32.837,0
35.429,32.784,0
35.373,32.731,0
35.318,32.679,0
35.262,32.626,0
35.207,32.573,0
35.151,32.52,0
35.095,32.466,0
35.038,32.412,0
34.981,32.357,0
34.923,32.3,0
34.865,32.244,0
34.806,32.186,0
34.746,32.127,0
34.686,32.068,0
34.626,32.008,0
34.565,31.947,0
34.503,31.886,0
34.442,31.824,0
34.379,31.761,0
34.317,31.698,0
34.254,31.634,0
34.19,31.57,0
34.127,31.505,0
34.062,31.439,0
33.998,31.373,0
33.933,31.307,0
33.868,31.239,0
33.802,31.172,0
33.736,31.104,0
33.671,31.037,0
33.605,30.969,0
33.538,30.9,0
33.472,30.832,0
33.405,30.763,0
33.338,30.695,0
33.272,30.626,0
33.204,30.557,0
33.137,30.488,0
33.071,30.42,0
33.005,30.353,0
32.939,30.287,0
32.874,30.223,0
32.81,30.159,0
32.746,30.097,0
32.683,30.035,0
32.621,29.975,0
32.559,29.916,0
32.498,29.858,0
32.437,29.801,0
32.377,29.744,0
32.317,29.688,0
32.257,29.633,0
32.197,29.577,0
32.138,29.523,0
32.079,29.468,0
32.02,29.414,0
31.961,29.36,0
31.903,29.306,0
31.844,29.252,0
31.786,29.199,0
31.728,29.146,0
31.67,29.093,0
31.613,29.041,0
31.556,28.989,0
31.499,28.937,0
31.442,28.885,0
31.386,28.834,0
31.33,28.783,0
31.274,28.732,0
31.218,28.682,0
31.163,28.631,0
31.108,28.581,0
31.053,28.531,0
30.998,28.481,0
30.943,28.431,0
30.889,28.381,0
30.834,28.331,0
30.78,28.282,0
30.727,28.232,0
30.673,28.182,0
30.619,28.133,0
30.566,28.083,0
30.512,28.033,0
30.458,27.982,0
30.404,27.929,0
30.349,27.876,0
30.294,27.822,0
30.238,27.767,0
30.182,27.712,0
30.125,27.655,0
30.069,27.597,0
30.011,27.538,0
29.954,27.479,0
29.896,27.419,0
29.837,27.357,0
29.778,27.295,0
29.719,27.232,0
29.659,27.168,0
29.599,27.103,0
29.538,27.038,0
29.477,26.971,0
29.416,26.904,0
29.354,26.836,0
29.292,26.768,0
29.23,26.698,0
29.167,26.629,0
29.104,26.558,0
29.041,26.487,0
28.977,26.416,0
28.913,26.344,0
28.849,26.272,0
28.784,26.199,0
28.719,26.126,0
28.654,26.052,0
28.589,25.979,0
28.524,25.906,0
28.46,25.835,0
28.396,25.765,0
28.333,25.695,0
28.271,25.627,0
28.209,25.56,0
28.147,25.494,0
28.087,25.429,0
28.026,25.366,0
27.967,25.303,0
27.907,25.241,0
27.848,25.18,0
27.789,25.119,0
27.73,25.059,0
27.671,24.998,0
27.612,24.939,0
27.553,24.879,0
27.494,24.82,0
27.435,24.761,0
27.377,24.702,0
27.318,24.644,0
27.259,24.585,0
27.201,24.528,0
27.142,24.47,0
27.084,24.414,0
27.026,24.357,0
26.968,24.301,0
26.91,24.245,0
26.853,24.19,0
26.795,24.134,0
26.737,24.079,0
26.68,24.025,0
26.623,23.97,0
26.565,23.916,0
26.508,23.863,0
26.451,23.809,0
26.394,23.756,0
26.338,23.703,0
26.281,23.651,0
26.225,23.598,0
26.168,23.546,0
26.112,23.494,0
26.055,23.442,0
25.999,23.39,0
25.944,23.339,0
25.888,23.288,0
25.833,23.238,0
25.778,23.187,0
25.723,23.138,0
25.668,23.088,0
25.614,23.039,0
25.56,22.99,0
25.506,22.941,0
25.453,22.893,0
25.399,22.845,0
25.346,22.797,0
25.294,22.75,0
25.242,22.703,0
25.19,22.656,0
25.138,22.61,0
25.087,22.564,0
25.036,22.518,0
24.986,22.473,0
24.936,22.428,0
24.886,22.383,0
24.836,22.338,0
24.787,22.293,0
24.738,22.249,0
24.689,22.204,0
24.64,22.159,0
24.591,22.114,0
24.543,22.069,0
24.495,22.025,0
24.447,21.98,0
24.399,21.935,0
24.351,21.89,0
24.304,21.844,0
24.256,21.799,0
24.209,21.753,0
24.161,21.707,0
24.114,21.661,0
24.067,21.615,0
24.02,21.568,0
23.973,21.522,0
23.926,21.475,0
23.879,21.428,0
23.832,21.38,0
23.785,21.332,0
23.738,21.284,0
23.691,21.234,0
23.643,21.184,0
23.595,21.134,0
23.547,21.083,0
23.499,21.031,0
23.45,20.979,0
23.402,20.926,0
23.353,20.873,0
23.304,20.819,0
23.254,20.765,0
23.205,20.71,0
23.155,20.654,0
23.104,20.597,0
23.054,20.54,0
23.003,20.483,0
22.951,20.425,0
22.9,20.366,0
22.848,20.307,0
22.796,20.248,0
22.743,20.188,0
22.691,20.128,0
22.638,20.068,0
22.585,20.007,0
22.531,19.946,0
22.477,19.884,0
22.424,19.823,0
22.369,19.761,0
22.315,19.699,0
22.26,19.637,0
22.205,19.574,0
22.151,19.512,0
22.096,19.451,0
22.042,19.39,0
21.988,19.331,0
21.934,19.272,0
21.881,19.214,0
21.828,19.157,0
21.776,19.101,0
21.724,19.046,0
21.672,18.992,0
21.62,18.939,0
21.569,18.886,0
21.519,18.835,0
21.469,18.785,0
21.419,18.736,0
21.37,18.688,0
21.322,18.641,0
21.274,18.595,0
21.226,18.551,0
21.179,18.507,0
21.132,18.464,0
21.086,18.422,0
21.04,18.381,0
20.995,18.34,0
20.949,18.299,0
20.903,18.259,0
20.858,18.218,0
20.812,18.178,0
20.766,18.138,0
20.721,18.098,0
20.675,18.058,0
20.63,18.018,0
20.584,17.978,0
20.539,17.938,0
20.493,17.897,0
20.447,17.857,0
20.401,17.817,0
20.356,17.776,0
20.31,17.735,0
20.264,17.694,0
20.218,17.653,0
20.172,17.611,0
20.125,17.57,0
20.079,17.527,0
20.032,17.484,0
19.985,17.44,0
19.936,17.395,0
19.888,17.348,0
19.838,17.3,0
19.788,17.251,0
19.737,17.201,0
19.686,17.15,0
19.634,17.097,0
19.582,17.044,0
19.528,16.989,0
19.475,16.934,0
19.421,16.878,0
19.367,16.821,0
19.312,16.764,0
19.258,16.706,0
19.202,16.648,0
19.147,16.589,0
19.092,16.53,0
19.036,16.471,0
18.98,16.411,0
18.924,16.35,0
18.867,16.29,0
18.812,16.23,0
18.756,16.171,0
18.7,16.112,0
18.645,16.054,0
18.59,15.996,0
18.536,15.938,0
18.481,15.881,0
18.427,15.824,0
18.373,15.768,0
18.319,15.712,0
18.266,15.657,0
18.212,15.601,0
18.158,15.544,0
18.103,15.488,0
18.049,15.432,0
17.995,15.375,0
17.94,15.319,0
17.885,15.262,0
17.83,15.205,0
17.776,15.148,0
17.72,15.091,0
17.665,15.034,0
17.609,14.976,0
17.553,14.917,0
17.497,14.859,0
17.44,14.8,0
17.383,14.74,0
17.325,14.68,0
17.268,14.62,0
17.21,14.559,0
17.151,14.498,0
17.093,14.437,0
17.034,14.377,0
16.976,14.316,0
16.917,14.256,0
16.859,14.196,0
16.801,14.137,0
16.743,14.078,0
16.685,14.019,0
16.627,13.961,0
16.569,13.903,0
16.511,13.845,0
16.453,13.787,0
16.395,13.729,0
16.336,13.671,0
16.276,13.611,0
16.217,13.552,0
16.156,13.491,0
16.096,13.431,0
16.035,13.369,0
15.973,13.307,0
15.911,13.245,0
15.849,13.182,0
15.786,13.119,0
15.723,13.056,0
15.661,12.993,0
15.599,12.932,0
15.538,12.872,0
15.477,12.813,0
15.417,12.756,0
15.358,12.699,0
15.299,12.644,0
15.241,12.59,0
15.183,12.536,0
15.126,12.484,0
15.069,12.433,0
15.013,12.382,0
14.957,12.332,0
14.902,12.282,0
14.846,12.233,0
14.791,12.184,0
14.737,12.136,0
14.682,12.088,0
14.628,12.04,0
14.574,11.993,0
14.52,11.945,0
14.466,11.898,0
14.412,11.85,0
14.357,11.801,0
14.302,11.751,0
14.247,11.7,0
14.191,11.648,0
14.134,11.595,0
14.077,11.541,0
14.02,11.485,0
13.962,11.429,0
13.903,11.372,0
13.844,11.314,0
13.784,11.255,0
13.724,11.194,0
13.664,11.133,0
13.602,11.07,0
13.54,11.006,0
13.478,10.942,0
13.415,10.876,0
13.352,10.809,0
13.288,10.741,0
13.224,10.673,0
13.159,10.604,0
13.095,10.536,0
13.032,10.469,0
12.969,10.402,0
12.906,10.337,0
12.844,10.272,0
12.783,10.208,0
12.722,10.145,0
12.661,10.082,0
12.601,10.021,0
12.542,9.9602,0
12.482,9.8996,0
12.422,9.8384,0
12.362,9.7767,0
12.302,9.7146,0
12.241,9.6519,0
12.18,9.5889,0
12.119,9.5253,0
12.057,9.4613,0
11.995,9.3969,0
11.933,9.3321,0
11.871,9.2669,0
11.808,9.2013,0
11.745,9.1353,0
11.682,9.069,0
11.619,9.0024,0
11.555,8.9355,0
11.491,8.8683,0
11.427,8.8008,0
11.363,8.733,0
11.298,8.665,0
11.234,8.5967,0
11.169,8.5283,0
11.104,8.4601,0
11.039,8.392,0
10.974,8.3241,0
10.91,8.2565,0
10.845,8.189,0
10.78,8.1219,0
10.716,8.0549,0
10.651,7.9883,0
10.587,7.9218,0
10.522,7.8557,0
10.458,7.79,0
10.394,7.7254,0
10.331,7.6621,0
10.268,7.6,0
10.207,7.539,0
10.145,7.4793,0
10.085,7.4207,0
10.025,7.3632,0
9.9652,7.3069,0
9.9063,7.2516,0
9.8481,7.1974,0
9.7902,7.1439,0
9.7324,7.0906,0
9.6747,7.0374,0
9.6169,6.9843,0
9.5592,6.9313,0
9.5015,6.8782,0
9.4438,6.8252,0
9.3861,6.7722,0
9.3283,6.7191,0
9.2706,6.6659,0
9.2128,6.6126,0
9.1548,6.5589,0
9.0963,6.5042,0
9.0372,6.4485,0
8.9776,6.3919,0
8.9174,6.3342,0
8.8567,6.2756,0
8.7954,6.2159,0
8.7335,6.1553,0
8.6711,6.0936,0
8.6082,6.031,0
8.5447,5.9674,0
8.4808,5.903,0
8.4166,5.838,0
8.352,5.7723,0
8.2871,5.7061,0
8.2219,5.6392,0
8.1564,5.5718,0
8.0906,5.5039,0
8.0244,5.4354,0
7.958,5.3664,0
7.8913,5.2968,0
7.8243,5.2268,0
7.7569,5.1563,0
7.6893,5.0852,0
7.6214,5.0137,0
7.5532,4.9417,0
7.4847,4.8693,0
7.4159,4.7965,0
7.3469,4.7232,0
7.2775,4.6496,0
7.208,4.5757,0
7.1382,4.5014,0
7.0682,4.427,0
6.9983,4.3527,0
6.9285,4.2787,0
6.8589,4.2051,0
6.7894,4.132,0
6.7201,4.0592,0
6.651,3.9868,0
6.5821,3.9149,0
6.5133,3.8434,0
6.4447,3.7724,0
6.3764,3.7018,0
6.3081,3.6317,0
6.2398,3.5616,0
6.1715,3.4915,0
6.103,3.4215,0
6.0345,3.3515,0
5.9658,3.2815,0
5.8971,3.2115,0
5.8283,3.1416,0
5.7595,3.0718,0
5.6905,3.0019,0
5.6215,2.9322,0
5.5525,2.8627,0
5.484,2.7942,0
5.4162,2.727,0
5.3491,2.6611,0
5.2826,2.5965,0
5.2167,2.533,0
5.1515,2.4707,0
5.087,2.4097,0
5.023,2.3497,0
4.9597,2.2909,0
4.8969,2.2331,0
4.8347,2.1764,0
4.773,2.1204,0
4.7117,2.0653,0
4.6509,2.0109,0
4.5905,1.9572,0
4.5306,1.9042,0
4.471,1.8517,0
4.4118,1.7999,0
4.353,1.7486,0
4.2946,1.6978,0
4.2365,1.6475,0
4.1787,1.5974,0
4.121,1.5474,0
4.0635,1.4973,0
4.006,1.4472,0
3.9485,1.397,0
3.8912,1.3467,0
3.8339,1.2962,0
3.7766,1.2455,0
3.7194,1.1946,0
3.6623,1.1435,0
3.6051,1.0921,0
3.5478,1.0402,0
3.49,0.98714,0
3.4318,0.93303,0
3.373,0.87783,0
3.3138,0.82153,0
3.2542,0.76415,0
3.194,0.70567,0
3.1334,0.64612,0
3.0723,0.58549,0
3.0108,0.52381,0
2.9488,0.46108,0
2.8863,0.39719,0
2.8231,0.33207,0
2.7595,0.26574,0
2.6952,0.19822,0
2.6304,0.12955,0
2.565,0.059752,0
2.4991,-0.011133,0
2.4327,-0.083069,0
2.3657,-0.15602,0
2.2983,-0.22994,0
2.2304,-0.30478,0
2.1621,-0.38033,0
2.0935,-0.45642,0
2.0247,-0.53301,0
1.9557,-0.61005,0
1.8864,-0.6875,0
1.8169,-0.76532,0
1.7472,-0.84345,0
1.6773,-0.92185,0
1.6072,-1.0005,0
1.537,-1.0793,0
1.4667,-1.1581,0
1.3968,-1.2362,0
1.3275,-1.3132,0
1.2587,-1.3891,0
1.1906,-1.4637,0
1.1232,-1.5371,0
1.0563,-1.6093,0
0.99009,-1.6803,0
0.9245,-1.75,0
0.85955,-1.8185,0
0.79524,-1.8857,0
0.73152,-1.9517,0
0.66825,-2.0168,0
0.60536,-2.081,0
0.54286,-2.1444,0
0.48074,-2.2069,0
0.419,-2.2686,0
0.35764,-2.3295,0
0.29664,-2.3896,0
0.236,-2.4489,0
0.17571,-2.5074,0
0.11578,-2.5652,0
0.056191,-2.6223,0
-0.0030231,-2.6786,0
-0.061868,-2.7342,0
-0.12035,-2.7891,0
-0.17849,-2.8433,0
-0.23629,-2.8968,0
-0.29377,-2.9497,0
-0.35092,-3.0021,0
-0.40778,-3.0539,0
-0.46435,-3.1051,0
-0.52064,-3.1559,0
-0.57663,-3.2062,0
-0.63231,-3.256,0
-0.68768,-3.3053,0
-0.74275,-3.3542,0
-0.79754,-3.4026,0
-0.85204,-3.4507,0
-0.90629,-3.4984,0
-0.96028,-3.5458,0
-1.014,-3.593,0
-1.0676,-3.6399,0
-1.1209,-3.6866,0
-1.1739,-3.7331,0
-1.2267,-3.7793,0
-1.2792,-3.8252,0
-1.3314,-3.8709,0
-1.3833,-3.9164,0
-1.435,-3.9617,0
-1.4864,-4.0069,0
-1.5376,-4.0519,0
-1.5885,-4.0969,0
-1.6392,-4.1418,0
-1.6897,-4.1867,0
-1.7402,-4.2319,0
-1.7908,-4.2776,0
-1.8415,-4.3238,0
-1.8923,-4.3706,0
-1.9433,-4.4179,0
-1.9944,-4.4658,0
-2.0456,-4.5143,0
-2.0969,-4.5633,0
-2.1483,-4.6129,0
-2.1999,-4.6631,0
-2.2516,-4.7138,0
-2.3036,-4.7655,0
-2.356,-4.8181,0
-2.4087,-4.8716,0
-2.4618,-4.9261,0
-2.5152,-4.9815,0
-2.569,-5.0377,0
-2.6231,-5.0949,0
-2.6776,-5.1529,0
-2.7324,-5.2117,0
-2.7875,-5.2712,0
-2.8428,-5.3316,0
-2.8986,-5.3927,0
-2.9546,-5.4545,0
-3.0109,-5.5171,0
-3.0676,-5.5803,0
-3.1245,-5.6442,0
-3.1817,-5.7087,0
-3.2392,-5.7737,0
-3.2969,-5.8392,0
-3.3549,-5.9051,0
-3.4131,-5.9715,0
-3.4715,-6.0382,0
-3.53,-6.1053,0
-3.5889,-6.1727,0
-3.6479,-6.2404,0
-3.7071,-6.3083,0
-3.7664,-6.3764,0
-3.8259,-6.4446,0
-3.8856,-6.513,0
-3.9454,-6.5813,0
-4.0054,-6.6498,0
-4.0654,-6.7181,0
-4.1255,-6.7864,0
-4.1853,-6.8537,0
-4.2444,-6.9197,0
-4.3028,-6.9843,0
-4.3605,-7.0474,0
-4.4175,-7.1091,0
-4.4738,-7.1693,0
-4.5294,-7.2281,0
-4.5844,-7.2855,0
-4.6387,-7.3413,0
-4.6923,-7.3958,0
-4.7452,-7.4489,0
-4.7977,-7.5008,0
-4.8497,-7.5518,0
-4.9014,-7.6018,0
-4.9526,-7.651,0
-5.0035,-7.6992,0
-5.054,-7.7465,0
-5.1042,-7.7931,0
-5.154,-7.8388,0
-5.2034,-7.8838,0
-5.2526,-7.928,0
-5.3014,-7.9717,0
-5.3502,-8.0152,0
-5.3991,-8.0587,0
-5.4481,-8.1022,0
-5.4972,-8.1458,0
-5.5464,-8.1895,0
-5.5957,-8.2333,0
-5.6451,-8.2773,0
-5.6946,-8.3214,0
-5.7443,-8.3658,0
-5.7942,-8.4105,0
-5.8441,-8.4553,0
-5.8939,-8.5,0
-5.9436,-8.5445,0
-5.9932,-8.5889,0
-6.0426,-8.6331,0
-6.0919,-8.6772,0
-6.1411,-8.7212,0
-6.1902,-8.7652,0
-6.2393,-8.8092,0
-6.2882,-8.8531,0
-6.337,-8.8971,0
-6.3858,-8.941,0
-6.4344,-8.9849,0
-6.4829,-9.0287,0
-6.5312,-9.0723,0
-6.5793,-9.116,0
-6.6273,-9.1596,0
-6.6752,-9.2031,0
-6.7229,-9.2467,0
-6.7705,-9.2903,0
-6.8179,-9.3339,0
-6.8652,-9.3775,0
-6.9124,-9.4212,0
-6.9595,-9.4649,0
-7.0065,-9.5087,0
-7.0533,-9.5525,0
-7.1,-9.5964,0
-7.1465,-9.6403,0
-7.193,-9.6844,0
-7.2393,-9.7285,0
-7.2856,-9.7727,0
-7.3317,-9.8171,0
-7.3777,-9.8615,0
-7.4235,-9.9059,0
-7.4692,-9.9503,0
-7.5146,-9.9947,0
-7.5599,-10.039,0
-7.605,-10.083,0
-7.6499,-10.128,0
-7.6945,-10.172,0
-7.739,-10.216,0
-7.7833,-10.26,0
-7.8274,-10.304,0
-7.8714,-10.348,0
-7.9156,-10.393,0
-7.9604,-10.439,0
-8.006,-10.487,0
-8.0521,-10.536,0
-8.099,-10.586,0
-8.1464,-10.637,0
-8.1945,-10.689,0
-8.2432,-10.743,0
-8.2925,-10.798,0
-8.3424,-10.854,0
-8.3929,-10.911,0
-8.4438,-10.968,0
-8.4952,-11.027,0
-8.5469,-11.086,0
-8.599,-11.146,0
-8.6515,-11.206,0
-8.7043,-11.267,0
-8.7575,-11.329,0
-8.811,-11.391,0
-8.8647,-11.453,0
-8.9188,-11.516,0
-8.9732,-11.579,0
-9.0279,-11.642,0
-9.083,-11.706,0
-9.1384,-11.77,0
-9.1942,-11.834,0
-9.2503,-11.899,0
-9.3067,-11.964,0
-9.3635,-12.029,0
-9.4205,-12.094,0
-9.4779,-12.16,0
-9.5354,-12.225,0
-9.5933,-12.291,0
-9.6509,-12.355,0
-9.7081,-12.419,0
-9.765,-12.482,0
-9.8214,-12.543,0
-9.8774,-12.603,0
-9.933,-12.663,0
-9.9882,-12.721,0
-10.043,-12.778,0
-10.097,-12.834,0
-10.152,-12.889,0
-10.205,-12.943,0
-10.259,-12.997,0
-10.313,-13.05,0
-10.366,-13.103,0
-10.42,-13.155,0
-10.474,-13.207,0
-10.528,-13.259,0
-10.582,-13.311,0
-10.636,-13.363,0
-10.69,-13.414,0
-10.744,-13.466,0
-10.798,-13.517,0
-10.852,-13.568,0
-10.906,-13.618,0
-10.961,-13.668,0
-11.015,-13.718,0
-11.069,-13.768,0
-11.123,-13.818,0
-11.177,-13.868,0
-11.231,-13.917,0
-11.286,-13.967,0
-11.34,-14.016,0
-11.394,-14.065,0
-11.448,-14.114,0
-11.502,-14.162,0
-11.556,-14.21,0
-11.609,-14.258,0
-11.662,-14.305,0
-11.716,-14.352,0
-11.769,-14.399,0
-11.821,-14.446,0
-11.874,-14.492,0
-11.927,-14.538,0
-11.979,-14.584,0
-12.031,-14.63,0
-12.083,-14.675,0
-12.134,-14.719,0
-12.186,-14.764,0
-12.237,-14.808,0
-12.287,-14.852,0
-12.338,-14.895,0
-12.388,-14.939,0
-12.438,-14.982,0
-12.487,-15.025,0
-12.537,-15.067,0
-12.586,-15.11,0
-12.635,-15.152,0
-12.683,-15.194,0
-12.732,-15.236,0
-12.78,-15.278,0
-12.827,-15.32,0
-12.875,-15.361,0
-12.922,-15.403,0
-12.969,-15.444,0
-13.016,-15.486,0
-13.063,-15.528,0
-13.11,-15.572,0
-13.158,-15.616,0
-13.207,-15.662,0
-13.255,-15.708,0
-13.305,-15.756,0
-13.354,-15.805,0
-13.405,-15.855,0
-13.455,-15.906,0
-13.506,-15.959,0
-13.558,-16.012,0
-13.609,-16.065,0
-13.661,-16.119,0
-13.712,-16.172,0
-13.763,-16.226,0
-13.814,-16.28,0
-13.865,-16.334,0
-13.915,-16.388,0
-13.966,-16.441,0
-14.016,-16.495,0
-14.067,-16.549,0
-14.117,-16.603,0
-14.167,-16.657,0
-14.218,-16.712,0
-14.269,-16.767,0
-14.32,-16.823,0
-14.371,-16.88,0
-14.423,-16.937,0
-14.475,-16.995,0
-14.527,-17.053,0
-14.58,-17.111,0
-14.632,-17.17,0
-14.685,-17.229,0
-14.738,-17.288,0
-14.791,-17.348,0
-14.844,-17.407,0
-14.897,-17.466,0
-14.95,-17.525,0
-15.002,-17.584,0
-15.055,-17.642,0
-15.108,-17.701,0
-15.161,-17.759,0
-15.213,-17.817,0
-15.266,-17.874,0
-15.319,-17.933,0
-15.372,-17.991,0
-15.426,-18.051,0
-15.481,-18.111,0
-15.536,-18.171,0
-15.591,-18.232,0
-15.647,-18.294,0
-15.703,-18.356,0
-15.76,-18.418,0
-15.817,-18.481,0
-15.875,-18.544,0
-15.932,-18.607,0
-15.99,-18.669,0
-16.047,-18.731,0
-16.105,-18.793,0
-16.162,-18.855,0
-16.219,-18.916,0
-16.277,-18.976,0
-16.334,-19.036,0
-16.392,-19.096,0
-16.449,-19.156,0
-16.506,-19.215,0
-16.563,-19.273,0
-16.62,-19.33,0
-16.676,-19.386,0
-16.732,-19.442,0
-16.787,-19.497,0
-16.843,-19.55,0
-16.898,-19.604,0
-16.952,-19.656,0
-17.007,-19.707,0
-17.061,-19.758,0
-17.115,-19.809,0
-17.169,-19.859,0
-17.223,-19.91,0
-17.278,-19.961,0
-17.333,-20.012,0
-17.388,-20.064,0
-17.444,-20.116,0
-17.5,-20.168,0
-17.556,-20.221,0
-17.612,-20.274,0
-17.669,-20.328,0
-17.726,-20.381,0
-17.783,-20.435,0
-17.84,-20.489,0
-17.897,-20.542,0
-17.954,-20.596,0
-18.011,-20.649,0
-18.068,-20.703,0
-18.125,-20.756,0
-18.182,-20.81,0
-18.239,-20.863,0
-18.296,-20.917,0
-18.354,-20.971,0
-18.411,-21.026,0
-18.469,-21.081,0
-18.527,-21.136,0
-18.586,-21.192,0
-18.645,-21.249,0
-18.704,-21.306,0
-18.763,-21.364,0
-18.823,-21.422,0
-18.883,-21.481,0
-18.944,-21.541,0
-19.004,-21.601,0
-19.065,-21.66,0
-19.126,-21.72,0
-19.186,-21.781,0
-19.247,-21.841,0
-19.308,-21.901,0
-19.369,-21.962,0
-19.43,-22.022,0
-19.49,-22.083,0
-19.551,-22.144,0
-19.612,-22.204,0
-19.673,-22.265,0
-19.734,-22.326,0
-19.795,-22.387,0
-19.856,-22.448,0
-19.917,-22.51,0
-19.978,-22.571,0
-20.039,-22.632,0
-20.1,-22.693,0
-20.161,-22.755,0
-20.222,-22.816,0
-20.283,-22.878,0
-20.344,-22.939,0
-20.406,-23.001,0
-20.467,-23.064,0
-20.529,-23.126,0
-20.591,-23.189,0
-20.653,-23.253,0
-20.716,-23.316,0
-20.778,-23.38,0
-20.841,-23.445,0
-20.904,-23.509,0
-20.967,-23.574,0
-21.03,-23.639,0
-21.094,-23.704,0
-21.158,-23.77,0
-21.222,-23.836,0
-21.286,-23.902,0
-21.35,-23.969,0
-21.415,-24.036,0
-21.48,-24.103,0
-21.545,-24.171,0
-21.61,-24.238,0
-21.675,-24.306,0
-21.741,-24.374,0
-21.806,-24.442,0
-21.872,-24.509,0
-21.938,-24.577,0
-22.003,-24.645,0
-22.069,-24.712,0
-22.134,-24.779,0
-22.2,-24.847,0
-22.266,-24.914,0
-22.331,-24.981,0
-22.397,-25.048,0
-22.463,-25.115,0
-22.53,-25.182,0
-22.596,-25.25,0
-22.553,-27.317,0
-22.449,-28.518,0
-22.491,-28.339,0
-22.527,-28.131,0
-22.561,-27.903,0
-22.593,-27.66,0
-22.623,-27.407,0
-22.651,-27.152,0
-22.676,-26.9,0
-22.699,-26.658,0
-22.72,-26.43,0
-22.739,-26.217,0
-22.757,-26.023,0
-22.773,-25.846,0
-22.788,-25.686,0
-22.801,-25.541,0
-22.814,-25.409,0
-22.826,-25.288,0
-22.838,-25.175,0
-22.85,-25.071,0
-22.863,-24.974,0
-22.876,-24.885,0
-22.89,-24.802,0
-22.905,-24.728,0
-22.922,-24.661,0
-22.941,-24.604,0
-22.961,-24.555,0
-22.984,-24.514,0
-23.008,-24.482,0
-23.035,-24.457,0
-23.064,-24.439,0
-23.096,-24.425,0
-23.129,-24.415,0
-23.165,-24.407,0
-23.202,-24.399,0
-23.242,-24.392,0
-23.285,-24.385,0
-23.329,-24.377,0
-23.376,-24.369,0
-23.425,-24.363,0
-23.476,-24.358,0
-23.529,-24.358,0
-23.585,-24.364,0
-23.644,-24.378,0
-23.705,-24.401,0
-23.769,-24.436,0
-23.835,-24.483,0
-23.903,-24.545,0
-23.974,-24.622,0
-24.047,-24.713,0
-24.123,-24.82,0
-24.201,-24.942,0
-24.281,-25.076,0
-24.363,-25.224,0
-24.446,-25.384,0
-24.532,-25.554,0
-24.619,-25.734,0
-24.707,-25.922,0
-24.797,-26.117,0
-24.889,-26.319,0
-24.981,-26.527,0
-25.075,-26.739,0
-25.17,-26.954,0
-25.265,-27.172,0
-25.36,-27.391,0
-25.455,-27.61,0
-25.551,-27.829,0
-25.646,-28.047,0
-25.741,-28.262,0
-25.836,-28.473,0
-25.929,-28.68,0
-26.022,-28.882,0
-26.114,-29.077,0
-26.204,-29.266,0
-26.293,-29.447,0
-26.38,-29.62,0
-26.466,-29.785,0
-26.55,-29.942,0
-26.632,-30.091,0
-26.711,-30.233,0
-26.789,-30.367,0
-26.864,-30.494,0
-26.938,-30.614,0
-27.009,-30.728,0
-27.077,-30.836,0
-27.144,-30.939,0
-27.208,-31.037,0
-27.269,-31.13,0
-27.329,-31.218,0
-27.386,-31.301,0
-27.442,-31.38,0
-27.495,-31.455,0
-27.546,-31.524,0
-27.596,-31.589,0
-27.644,-31.65,0
-27.69,-31.707,0
-27.736,-31.76,0
-27.781,-31.81,0
-27.824,-31.856,0
-27.867,-31.898,0
-27.91,-31.937,0
-27.951,-31.973,0
-27.992,-32.005,0
-28.033,-32.035,0
-28.073,-32.061,0
-28.113,-32.084,0
-28.152,-32.105,0
-28.191,-32.122,0
-28.229,-32.136,0
-28.267,-32.148,0
-28.305,-32.157,0
-28.342,-32.164,0
-28.379,-32.169,0
-28.416,-32.172,0
-28.453,-32.174,0
-28.49,-32.175,0
-28.526,-32.175,0
-28.563,-32.174,0
-28.6,-32.174,0
-28.636,-32.174,0
-28.673,-32.174,0
-28.711,-32.176,0
-28.748,-32.179,0
-28.786,-32.184,0
-28.823,-32.191,0
-28.862,-32.2,0
-28.901,-32.212,0
-28.94,-32.228,0
-28.981,-32.247,0
-29.023,-32.271,0
-29.067,-32.298,0
-29.111,-32.329,0
-29.157,-32.365,0
-29.204,-32.404,0
-29.253,-32.447,0
-29.303,-32.494,0
-29.354,-32.545,0
-29.406,-32.598,0
-29.458,-32.654,0
-29.512,-32.712,0
-29.565,-32.771,0
-29.619,-32.832,0
-29.673,-32.894,0
-29.728,-32.957,0
-29.783,-33.021,0
-29.838,-33.086,0
-29.893,-33.152,0
-29.949,-33.22,0
-30.005,-33.288,0
-30.062,-33.358,0
-30.12,-33.43,0
-30.178,-33.502,0
-30.237,-33.575,0
-30.296,-33.65,0
-30.355,-33.725,0
-30.414,-33.801,0
-30.474,-33.878,0
-30.534,-33.955,0
-30.593,-34.033,0
-30.653,-34.112,0
-30.713,-34.19,0
-30.772,-34.269,0
-30.832,-34.348,0
-30.891,-34.428,0
-30.95,-34.507,0
-31.008,-34.585,0
-31.066,-34.664,0
-31.124,-34.741,0
-31.181,-34.818,0
-31.238,-34.893,0
-31.294,-34.966,0
-31.348,-35.037,0
-31.403,-35.105,0
-31.456,-35.172,0
-31.508,-35.235,0
-31.559,-35.296,0
-31.61,-35.354,0
-31.66,-35.409,0
-31.709,-35.461,0
-31.757,-35.509,0
-31.803,-35.554,0
-31.849,-35.594,0
-31.894,-35.631,0
-31.937,-35.664,0
-31.979,-35.693,0
-32.021,-35.719,0
-32.061,-35.741,0
-32.1,-35.759,0
-32.139,-35.775,0
-32.176,-35.787,0
-32.214,-35.798,0
-32.251,-35.807,0
-32.288,-35.816,0
-32.326,-35.824,0
-32.363,-35.831,0
-32.401,-35.839,0
-32.439,-35.847,0
-32.478,-35.855,0
-32.517,-35.864,0
-32.556,-35.873,0
-32.595,-35.883,0
-32.635,-35.894,0
-32.674,-35.905,0
-32.713,-35.916,0
-32.752,-35.928,0
-32.791,-35.94,0
-32.829,-35.954,0
-32.868,-35.968,0
-32.906,-35.983,0
-32.944,-35.999,0
-32.983,-36.017,0
-33.021,-36.036,0
-33.06,-36.056,0
-33.099,-36.079,0
-33.139,-36.104,0
-33.179,-36.131,0
-33.22,-36.16,0
-33.261,-36.191,0
-33.303,-36.224,0
-33.346,-36.259,0
-33.388,-36.296,0
-33.432,-36.335,0
-33.476,-36.376,0
-33.521,-36.419,0
-33.566,-36.465,0
-33.612,-36.512,0
-33.658,-36.561,0
-33.706,-36.612,0
-33.753,-36.664,0
-33.802,-36.719,0
-33.851,-36.775,0
-33.9,-36.833,0
-33.95,-36.892,0
-34,-36.953,0
-34.051,-37.014,0
-34.102,-37.078,0
-34.154,-37.142,0
-34.205,-37.207,0
-34.257,-37.273,0
-34.309,-37.339,0
-34.361,-37.407,0
-34.413,-37.475,0
-34.466,-37.543,0
-34.518,-37.612,0
-34.571,-37.682,0
-34.623,-37.751,0
-34.676,-37.822,0
-34.729,-37.892,0
-34.782,-37.962,0
-34.835,-38.033,0
-34.888,-38.103,0
-34.941,-38.173,0
-34.995,-38.243,0
-35.048,-38.313,0
-35.101,-38.382,0
-35.153,-38.45,0
-35.206,-38.518,0
-35.259,-38.585,0
-35.311,-38.651,0
-35.364,-38.717,0
-35.416,-38.781,0
-35.468,-38.845,0
-35.52,-38.907,0
-35.572,-38.969,0
-35.623,-39.029,0
-35.674,-39.089,0
-35.726,-39.147,0
-35.777,-39.205,0
-35.829,-39.263,0
-35.88,-39.32,0
-35.932,-39.377,0
-35.984,-39.433,0
-36.037,-39.489,0
-36.089,-39.545,0
-36.141,-39.6,0
-36.194,-39.655,0
-36.247,-39.71,0
-36.3,-39.764,0
-36.353,-39.818,0
-36.405,-39.87,0
-36.458,-39.922,0
-36.51,-39.973,0
-36.562,-40.024,0
-36.614,-40.074,0
-36.666,-40.123,0
-36.717,-40.172,0
-36.769,-40.22,0
-36.821,-40.268,0
-36.872,-40.315,0
-36.923,-40.361,0
-36.973,-40.406,0
-37.023,-40.451,0
-37.073,-40.494,0
-37.122,-40.537,0
-37.171,-40.578,0
-37.22,-40.619,0
-37.268,-40.66,0
-37.316,-40.7,0
-37.364,-40.739,0
-37.411,-40.779,0
-37.459,-40.819,0
-37.508,-40.859,0
-37.556,-40.9,0
-37.604,-40.941,0
-37.653,-40.983,0
-37.702,-41.025,0
-37.752,-41.068,0
-37.801,-41.112,0
-37.851,-41.156,0
-37.901,-41.201,0
-37.951,-41.246,0
-38.001,-41.291,0
-38.051,-41.335,0
-38.1,-41.38,0
-38.149,-41.425,0
-38.198,-41.469,0
-38.246,-41.513,0
-38.294,-41.558,0
-38.342,-41.602,0
-38.39,-41.647,0
-38.438,-41.692,0
-38.485,-41.737,0
-38.533,-41.782,0
-38.58,-41.828,0
-38.628,-41.874,0
-38.675,-41.92,0
-38.722,-41.967,0
-38.77,-42.014,0
-38.817,-42.062,0
-38.864,-42.11,0
-38.911,-42.158,0
-38.958,-42.206,0
-39.006,-42.256,0
-39.053,-42.306,0
-39.101,-42.356,0
-39.149,-42.408,0
-39.197,-42.46,0
-39.246,-42.513,0
-39.294,-42.566,0
-39.343,-42.62,0
-39.392,-42.674,0
-39.441,-42.729,0
-39.49,-42.783,0
-39.539,-42.838,0
-39.587,-42.891,0
-39.635,-42.944,0
-39.683,-42.997,0
-39.73,-43.048,0
-39.776,-43.099,0
-39.822,-43.149,0
-39.868,-43.198,0
-39.913,-43.246,0
-39.957,-43.294,0
-40.002,-43.341,0
-40.046,-43.388,0
-40.091,-43.436,0
-40.137,-43.484,0
-40.182,-43.533,0
-40.228,-43.582,0
-40.274,-43.631,0
-40.321,-43.681,0
-40.368,-43.731,0
-40.415,-43.781,0
-40.462,-43.831,0
-40.509,-43.881,0
-40.556,-43.931,0
-40.603,-43.979,0
-40.65,-44.027,0
-40.696,-44.075,0
-40.742,-44.121,0
-40.788,-44.167,0
-40.833,-44.212,0
-40.878,-44.256,0
-40.923,-44.3,0
-40.967,-44.343,0
-41.011,-44.385,0
-41.055,-44.425,0
-41.098,-44.465,0
-41.141,-44.504,0
-41.183,-44.542,0
-41.225,-44.579,0
-41.267,-44.615,0
-41.308,-44.651,0
-41.348,-44.685,0
-41.388,-44.719,0
-41.428,-44.752,0
-41.468,-44.785,0
-41.508,-44.818,0
-41.549,-44.852,0
-41.59,-44.888,0
-41.631,-44.923,0
-41.673,-44.96,0
-41.715,-44.997,0
-41.758,-45.036,0
-41.801,-45.075,0
-41.845,-45.115,0
-41.889,-45.156,0
-41.934,-45.197,0
-41.977,-45.238,0
-42.021,-45.278,0
-42.064,-45.317,0
-42.106,-45.356,0
-42.148,-45.394,0
-42.19,-45.432,0
-42.232,-45.47,0
-42.273,-45.507,0
-42.314,-45.543,0
-42.354,-45.58,0
-42.394,-45.616,0
-42.434,-45.652,0
-42.475,-45.689,0
-42.515,-45.725,0
-42.555,-45.762,0
-42.595,-45.799,0
-42.635,-45.837,0
-42.676,-45.874,0
-42.716,-45.912,0
-42.756,-45.95,0
-42.796,-45.988,0
-42.837,-46.027,0
-42.877,-46.065,0
-42.916,-46.103,0
-42.956,-46.141,0
-42.996,-46.18,0
-43.035,-46.218,0
-43.075,-46.256,0
-43.114,-46.294,0
-43.153,-46.332,0
-43.192,-46.371,0
-43.231,-46.409,0
-43.269,-46.447,0
-43.308,-46.484,0
-43.346,-46.522,0
-43.383,-46.559,0
-43.421,-46.596,0
-43.458,-46.633,0
-43.495,-46.67,0
-43.532,-46.706,0
-43.569,-46.742,0
-43.605,-46.778,0
-43.641,-46.814,0
-43.677,-46.85,0
-43.713,-46.885,0
-43.749,-46.92,0
-43.784,-46.956,0
-43.82,-46.991,0
-43.855,-47.026,0
-43.89,-47.062,0
-43.925,-47.097,0
-43.96,-47.132,0
-43.995,-47.167,0
-44.03,-47.201,0
-44.064,-47.237,0
-44.099,-47.272,0
-44.134,-47.308,0
-44.17,-47.345,0
-44.205,-47.381,0
-44.241,-47.419,0
-44.277,-47.456,0
-44.313,-47.494,0
-44.349,-47.532,0
-44.386,-47.571,0
-44.422,-47.61,0
-44.459,-47.649,0
-44.495,-47.687,0
-44.531,-47.726,0
-44.568,-47.764,0
-44.604,-47.802,0
-44.64,-47.84,0
-44.676,-47.878,0
-44.712,-47.916,0
-44.747,-47.954,0
-44.783,-47.991,0
-44.819,-48.028,0
-44.854,-48.064,0
-44.889,-48.101,0
-44.924,-48.136,0
-44.959,-48.172,0
-44.993,-48.206,0
-45.027,-48.241,0
-45.062,-48.275,0
-45.095,-48.309,0
-45.129,-48.342,0
-45.163,-48.375,0
-45.196,-48.407,0
-45.229,-48.438,0
-45.261,-48.469,0
-45.293,-48.5,0
-45.325,-48.529,0
-45.356,-48.558,0
-45.388,-48.587,0
-45.418,-48.614,0
-45.449,-48.642,0
-45.479,-48.668,0
-45.509,-48.695,0
-45.538,-48.72,0
-45.567,-48.746,0
-45.596,-48.771,0
-45.625,-48.796,0
-45.654,-48.821,0
-45.683,-48.845,0
-45.711,-48.869,0
-45.739,-48.894,0
-45.767,-48.918,0
-45.795,-48.941,0
-45.823,-48.965,0
-45.851,-48.989,0
-45.878,-49.013,0
-45.906,-49.037,0
-45.934,-49.061,0
-45.961,-49.086,0
-45.989,-49.11,0
-46.017,-49.135,0
-46.044,-49.16,0
-46.072,-49.185,0
-46.1,-49.211,0
-46.128,-49.237,0
-46.156,-49.263,0
-46.183,-49.289,0
-46.211,-49.316,0
-46.239,-49.342,0
-46.267,-49.37,0
-46.295,-49.397,0
-46.323,-49.424,0
-46.351,-49.452,0
-46.379,-49.48,0
-46.407,-49.509,0
-46.436,-49.537,0
-46.464,-49.567,0
-46.494,-49.598,0
-46.524,-49.631,0
-46.555,-49.665,0
-46.587,-49.7,0
-46.62,-49.737,0
-46.653,-49.776,0
-46.688,-49.815,0
-46.723,-49.856,0
-46.758,-49.898,0
-46.795,-49.942,0
-46.832,-49.986,0
-46.869,-50.031,0
-46.907,-50.077,0
-46.946,-50.123,0
-46.985,-50.171,0
-47.024,-50.218,0
-47.064,-50.267,0
-47.105,-50.316,0
-47.145,-50.365,0
-47.186,-50.415,0
-47.228,-50.464,0
-47.269,-50.514,0
-47.31,-50.562,0
-47.351,-50.609,0
-47.391,-50.655,0
-47.43,-50.7,0
-47.47,-50.744,0
-47.509,-50.786,0
-47.547,-50.828,0
-47.585,-50.868,0
-47.623,-50.907,0
-47.66,-50.945,0
-47.697,-50.982,0
-47.734,-51.019,0
-47.771,-51.054,0
-47.807,-51.089,0
-47.844,-51.123,0
-47.88,-51.157,0
-47.916,-51.19,0
-47.952,-51.222,0
-47.987,-51.253,0
-48.023,-51.284,0
-48.058,-51.314,0
-48.094,-51.344,0
-48.129,-51.374,0
-48.164,-51.402,0
-48.199,-51.431,0
-48.233,-51.459,0
-48.268,-51.486,0
-48.303,-51.514,0
-48.337,-51.541,0
-48.372,-51.568,0
-48.406,-51.595,0
-48.441,-51.621,0
-48.476,-51.649,0
-48.511,-51.676,0
-48.546,-51.704,0
-48.582,-51.733,0
-48.618,-51.762,0
-48.654,-51.792,0
-48.69,-51.822,0
-48.727,-51.853,0
-48.765,-51.885,0
-48.802,-51.917,0
-48.84,-51.95,0
-48.879,-51.985,0
-48.918,-52.02,0
-48.958,-52.057,0
-48.999,-52.096,0
-49.041,-52.136,0
-49.083,-52.177,0
-49.126,-52.219,0
-49.169,-52.263,0
-49.214,-52.308,0
-49.258,-52.354,0
-49.304,-52.401,0
-49.349,-52.448,0
-49.394,-52.494,0
-49.439,-52.541,0
-49.483,-52.587,0
-49.528,-52.633,0
-49.572,-52.679,0
-49.616,-52.724,0
-49.66,-52.769,0
-49.704,-52.815,0
-49.748,-52.859,0
-49.792,-52.904,0
-49.836,-52.95,0
-49.88,-52.997,0
-49.926,-53.044,0
-49.971,-53.092,0
-50.017,-53.14,0
-50.063,-53.19,0
-50.11,-53.239,0
-50.157,-53.29,0
-50.204,-53.341,0
-50.252,-53.392,0
-50.3,-53.444,0
-50.348,-53.496,0
-50.397,-53.548,0
-50.446,-53.601,0
-50.495,-53.653,0
-50.544,-53.706,0
-50.593,-53.76,0
-50.643,-53.813,0
-50.693,-53.866,0
-50.743,-53.92,0
-50.793,-53.973,0
-50.844,-54.027,0
-50.894,-54.08,0
-50.944,-54.133,0
-50.995,-54.186,0
-51.045,-54.239,0
-51.096,-54.291,0
-51.146,-54.343,0
-51.197,-54.395,0
-51.247,-54.447,0
-51.298,-54.498,0
-51.348,-54.549,0
-51.399,-54.599,0
-51.449,-54.648,0
-51.499,-54.697,0
-51.549,-54.745,0
-51.598,-54.793,0
-51.647,-54.839,0
-51.696,-54.885,0
-51.745,-54.931,0
-51.793,-54.975,0
-51.841,-55.019,0
-51.889,-55.063,0
-51.937,-55.106,0
-51.985,-55.15,0
-52.033,-55.193,0
-52.082,-55.237,0
-52.131,-55.281,0
-52.179,-55.325,0
-52.228,-55.369,0
-52.277,-55.413,0
-52.327,-55.458,0
-52.376,-55.503,0
-52.426,-55.549,0
-52.476,-55.595,0
-52.526,-55.64,0
-52.576,-55.686,0
-52.626,-55.733,0
-52.677,-55.779,0
-52.727,-55.826,0
-52.777,-55.872,0
-52.828,-55.919,0
-52.879,-55.967,0
-52.929,-56.014,0
-52.98,-56.062,0
-53.031,-56.11,0
-53.083,-56.16,0
-53.135,-56.211,0
-53.188,-56.262,0
-53.242,-56.315,0
-53.296,-56.369,0
-53.35,-56.423,0
-53.405,-56.479,0
-53.461,-56.536,0
-53.517,-56.594,0
-53.574,-56.653,0
-53.631,-56.712,0
-53.687,-56.771,0
-53.744,-56.829,0
-53.8,-56.888,0
-53.857,-56.946,0
-53.913,-57.004,0
-53.969,-57.062,0
-54.025,-57.12,0
-54.08,-57.177,0
-54.136,-57.234,0
-54.191,-57.291,0
-54.246,-57.347,0
-54.301,-57.404,0
-54.357,-57.46,0
-54.412,-57.517,0
-54.467,-57.574,0
-54.523,-57.63,0
-54.578,-57.687,0
-54.633,-57.743,0
-54.689,-57.8,0
-54.744,-57.856,0
-54.8,-57.913,0
-54.855,-57.968,0
-54.909,-58.024,0
-54.964,-58.078,0
-55.017,-58.131,0
-55.071,-58.184,0
-55.124,-58.237,0
-55.177,-58.288,0
-55.229,-58.339,0
-55.281,-58.389,0
-55.333,-58.438,0
-55.384,-58.487,0
-55.435,-58.536,0
-55.486,-58.584,0
-55.537,-58.631,0
-55.587,-58.678,0
-55.638,-58.725,0
-55.687,-58.772,0
-55.737,-58.818,0
-55.787,-58.864,0
-55.836,-58.909,0
-55.885,-58.955,0
-55.935,-59,0
-55.984,-59.046,0
-56.033,-59.092,0
-56.083,-59.138,0
-56.132,-59.185,0
-56.182,-59.232,0
-56.232,-59.279,0
-56.283,-59.327,0
-56.333,-59.376,0
-56.384,-59.424,0
-56.434,-59.474,0
-56.485,-59.524,0
-56.537,-59.574,0
-56.589,-59.626,0
-56.641,-59.678,0
-56.694,-59.731,0
-56.747,-59.785,0
-56.8,-59.84,0
-56.854,-59.896,0
-56.908,-59.952,0
-56.963,-60.009,0
-57.018,-60.067,0
-57.073,-60.125,0
-57.128,-60.183,0
-57.183,-60.24,0
-57.237,-60.298,0
-57.292,-60.355,0
-57.346,-60.411,0
-57.4,-60.468,0
-57.453,-60.524,0
-57.507,-60.579,0
-57.56,-60.634,0
-57.613,-60.689,0
-57.666,-60.744,0
-57.719,-60.798,0
-57.771,-60.852,0
-57.824,-60.905,0
-57.876,-60.958,0
-57.928,-61.011,0
-57.979,-61.064,0
-58.031,-61.116,0
-58.082,-61.168,0
-58.134,-61.219,0
-58.185,-61.27,0
-58.236,-61.321,0
-58.286,-61.371,0
-58.336,-61.419,0
-58.385,-61.468,0
-58.434,-61.515,0
-58.482,-61.561,0
-58.53,-61.607,0
-58.578,-61.652,0
-58.625,-61.696,0
-58.671,-61.74,0
-58.717,-61.783,0
-58.764,-61.826,0
-58.81,-61.869,0
-58.857,-61.913,0
-58.903,-61.957,0
-58.95,-62.002,0
-58.998,-62.047,0
-59.045,-62.092,0
-59.093,-62.138,0
-59.141,-62.185,0
-59.189,-62.232,0
-59.237,-62.28,0
-59.286,-62.328,0
-59.336,-62.378,0
-59.386,-62.429,0
-59.437,-62.481,0
-59.488,-62.534,0
-59.54,-62.588,0
-59.593,-62.644,0
-59.646,-62.7,0
-59.7,-62.757,0
-59.754,-62.816,0
-59.809,-62.875,0
-59.864,-62.935,0
-59.92,-62.995,0
-59.975,-63.055,0
-60.031,-63.115,0
-60.087,-63.176,0
-60.143,-63.237,0
-60.199,-63.298,0
-60.255,-63.359,0
-60.312,-63.421,0
-60.368,-63.482,0
-60.425,-63.543,0
-60.481,-63.604,0
-60.537,-63.663,0
-60.592,-63.722,0
-60.647,-63.78,0
-60.702,-63.837,0
-60.756,-63.893,0
-60.81,-63.948,0
-60.863,-64.002,0
-60.916,-64.055,0
-60.968,-64.108,0
-61.02,-64.159,0
-61.072,-64.21,0
-61.123,-64.26,0
-61.174,-64.309,0
-61.225,-64.357,0
-61.275,-64.405,0
-61.325,-64.452,0
-61.374,-64.498,0
-61.423,-64.544,0
-61.472,-64.589,0
-61.521,-64.634,0
-61.569,-64.678,0
-61.618,-64.722,0
-61.666,-64.766,0
-61.714,-64.81,0
-61.762,-64.853,0
-61.811,-64.897,0
-61.859,-64.941,0
-61.907,-64.985,0
-61.955,-65.029,0
-62.003,-65.073,0
-62.051,-65.117,0
-62.1,-65.161,0
-62.149,-65.207,0
-62.198,-65.254,0
-62.249,-65.303,0
-62.3,-65.352,0
-62.351,-65.403,0
-62.404,-65.455,0
-62.457,-65.508,0
-62.51,-65.563,0
-62.564,-65.618,0
-62.619,-65.675,0
-62.675,-65.733,0
-62.731,-65.792,0
-62.787,-65.852,0
-62.844,-65.912,0
-62.902,-65.974,0
-62.96,-66.037,0
-63.019,-66.101,0
-63.078,-66.165,0
-63.138,-66.23,0
-63.198,-66.296,0
-63.258,-66.363,0
-63.319,-66.43,0
-63.381,-66.498,0
-63.442,-66.566,0
-63.504,-66.635,0
-63.566,-66.703,0
-63.628,-66.772,0
-63.691,-66.841,0
-63.753,-66.911,0
-63.816,-66.98,0
-63.88,-67.05,0
-63.943,-67.119,0
-64.007,-67.189,0
-64.071,-67.259,0
-64.135,-67.329,0
-64.199,-67.399,0
-64.264,-67.469,0
-64.329,-67.54,0
-64.394,-67.61,0
-64.459,-67.68,0
-64.524,-67.75,0
-64.59,-67.821,0
-64.656,-67.89,0
-64.721,-67.96,0
-64.787,-68.028,0
-64.852,-68.095,0
-64.916,-68.161,0
-64.98,-68.226,0
-65.044,-68.291,0
-65.108,-68.354,0
-65.171,-68.416,0
-65.234,-68.477,0
-65.296,-68.538,0
-65.359,-68.598,0
-65.421,-68.657,0
-65.483,-68.716,0
-65.545,-68.774,0
-65.607,-68.833,0
-65.67,-68.891,0
-65.732,-68.948,0
-65.794,-69.006,0
-65.856,-69.063,0
-65.918,-69.12,0
-65.98,-69.177,0
-66.043,-69.234,0
-66.105,-69.291,0
-66.167,-69.347,0
-66.229,-69.403,0
-66.291,-69.46,0
-66.353,-69.516,0
-66.415,-69.572,0
-66.477,-69.628,0
-66.539,-69.684,0
-66.601,-69.74,0
-66.663,-69.797,0
-66.725,-69.853,0
-66.787,-69.909,0
-66.849,-69.965,0
-66.911,-70.022,0
-66.972,-70.078,0
-67.034,-70.134,0
-67.096,-70.191,0
-67.157,-70.247,0
-67.219,-70.304,0
-67.28,-70.361,0
-67.341,-70.418,0
-67.403,-70.475,0
-67.464,-70.532,0
-67.525,-70.589,0
-67.586,-70.646,0
-67.647,-70.703,0
-67.707,-70.761,0
-67.768,-70.818,0
-67.828,-70.876,0
-67.889,-70.934,0
-67.949,-70.991,0
-68.009,-71.049,0
-68.069,-71.108,0
-68.13,-71.167,0
-68.19,-71.226,0
-68.251,-71.287,0
-68.312,-71.348,0
-68.373,-71.409,0
-68.434,-71.471,0
-68.496,-71.534,0
-68.557,-71.597,0
-68.619,-71.661,0
-68.681,-71.725,0
-68.743,-71.79,0
-68.806,-71.856,0
-68.868,-71.922,0
-68.932,-71.99,0
-68.995,-72.058,0
-69.059,-72.126,0
-69.122,-72.195,0
-69.187,-72.265,0
-69.251,-72.335,0
-69.316,-72.406,0
-69.38,-72.477,0
-69.445,-72.547,0
-69.509,-72.618,0
-69.574,-72.688,0
-69.637,-72.757,0
-69.701,-72.826,0
-69.764,-72.894,0
-69.827,-72.962,0
-69.89,-73.03,0
-69.953,-73.096,0
-70.015,-73.162,0
-70.077,-73.228,0
-70.138,-73.292,0
-70.199,-73.356,0
-70.259,-73.419,0
-70.32,-73.481,0
-70.379,-73.541,0
-70.438,-73.601,0
-70.497,-73.66,0
-70.555,-73.719,0
-70.613,-73.776,0
-70.671,-73.832,0
-70.728,-73.888,0
-70.784,-73.943,0
-70.841,-73.997,0
-70.896,-74.05,0
-70.952,-74.103,0
-71.007,-74.155,0
-71.062,-74.207,0
-71.117,-74.258,0
-71.171,-74.308,0
-71.225,-74.358,0
-71.279,-74.408,0
-71.333,-74.457,0
-71.387,-74.507,0
-71.441,-74.558,0
-71.496,-74.61,0
-71.552,-74.662,0
-71.607,-74.716,0
-71.664,-74.77,0
-71.721,-74.825,0
-71.778,-74.881,0
-71.836,-74.939,0
-71.894,-74.997,0
-71.953,-75.055,0
-72.011,-75.114,0
-72.07,-75.173,0
-72.128,-75.231,0
-72.187,-75.29,0
-72.245,-75.349,0
-72.303,-75.408,0
-72.362,-75.467,0
-72.42,-75.526,0
-72.478,-75.585,0
-72.537,-75.644,0
-72.595,-75.704,0
-72.654,-75.764,0
-72.712,-75.824,0
-72.771,-75.885,0
-72.831,-75.946,0
-72.89,-76.008,0
-72.95,-76.07,0
-73.01,-76.133,0
-73.07,-76.196,0
-73.131,-76.259,0
-73.191,-76.323,0
-73.252,-76.386,0
-73.312,-76.45,0
-73.372,-76.513,0
-73.432,-76.575,0
-73.492,-76.637,0
-73.551,-76.699,0
-73.61,-76.76,0
-73.669,-76.821,0
-73.728,-76.881,0
-73.786,-76.941,0
-73.844,-77.001,0
-73.902,-77.06,0
-73.96,-77.119,0
-74.018,-77.177,0
-74.075,-77.235,0
-74.132,-77.293,0
-74.189,-77.35,0
-74.246,-77.407,0
-74.303,-77.463,0
-74.359,-77.519,0
-74.415,-77.575,0
-74.471,-77.631,0
-74.527,-77.686,0
-74.583,-77.741,0
-74.639,-77.796,0
-74.694,-77.85,0
-74.75,-77.905,0
-74.806,-77.959,0
-74.861,-78.014,0
-74.916,-78.068,0
-74.972,-78.122,0
-75.027,-78.176,0
-75.082,-78.23,0
-75.138,-78.284,0
-75.194,-78.339,0
-75.25,-78.395,0
-75.307,-78.451,0
-75.364,-78.508,0
-75.421,-78.566,0
-75.479,-78.624,0
-75.537,-78.683,0
-75.596,-78.743,0
-75.654,-78.803,0
-75.714,-78.864,0
-75.773,-78.925,0
-75.833,-78.987,0
-75.893,-79.049,0
-75.953,-79.112,0
-76.014,-79.175,0
-76.075,-79.238,0
-76.136,-79.302,0
-76.197,-79.366,0
-76.259,-79.431,0
-76.32,-79.495,0
-76.382,-79.56,0
-76.444,-79.624,0
-76.505,-79.687,0
-76.565,-79.75,0
-76.625,-79.811,0
-76.685,-79.872,0
-76.744,-79.932,0
-76.803,-79.991,0
-76.861,-80.049,0
-76.919,-80.106,0
-76.977,-80.163,0
-77.034,-80.219,0
-77.091,-80.273,0
-77.147,-80.327,0
-77.202,-80.379,0
-77.257,-80.431,0
-77.311,-80.482,0
-77.365,-80.532,0
-77.418,-80.58,0
-77.471,-80.628,0
-77.523,-80.675,0
-77.575,-80.722,0
-77.626,-80.768,0
-77.677,-80.813,0
-77.728,-80.859,0
-77.779,-80.904,0
-77.83,-80.949,0
-77.88,-80.994,0
-77.93,-81.039,0
-77.98,-81.084,0
-78.03,-81.128,0
-78.08,-81.173,0
-78.13,-81.218,0
-78.18,-81.263,0
-78.229,-81.307,0
-78.278,-81.352,0
-78.327,-81.397,0
-78.376,-81.441,0
-78.424,-81.485,0
-78.473,-81.53,0
-78.521,-81.574,0
-78.569,-81.619,0
-78.617,-81.663,0
-78.664,-81.708,0
-78.712,-81.752,0
-78.759,-81.797,0
-78.806,-81.841,0
-78.853,-81.885,0
-78.899,-81.929,0
-78.945,-81.973,0
-78.991,-82.017,0
-79.037,-82.061,0
-79.082,-82.105,0
-79.127,-82.149,0
-79.172,-82.192,0
-79.217,-82.236,0
-79.263,-82.282,0
-79.308,-82.328,0
-79.355,-82.375,0
-79.402,-82.424,0
-79.449,-82.474,0
-79.497,-82.524,0
-79.545,-82.576,0
-79.594,-82.629,0
-79.643,-82.682,0
-79.692,-82.737,0
-79.742,-82.792,0
-79.791,-82.847,0
-79.841,-82.903,0
-79.891,-82.959,0
-79.941,-83.015,0
-79.991,-83.071,0
-80.041,-83.128,0
-80.091,-83.185,0
-80.141,-83.241,0
-80.191,-83.298,0
-80.241,-83.355,0
-80.292,-83.412,0
-80.342,-83.47,0
-80.394,-83.528,0
-80.445,-83.587,0
-80.497,-83.646,0
-80.549,-83.706,0
-80.602,-83.766,0
-80.655,-83.827,0
-80.708,-83.888,0
-80.762,-83.949,0
-80.815,-84.01,0
-80.869,-84.071,0
-80.922,-84.131,0
-80.975,-84.19,0
-81.028,-84.248,0
-81.08,-84.305,0
-81.132,-84.361,0
-81.183,-84.416,0
-81.235,-84.471,0
-81.285,-84.524,0
-81.336,-84.576,0
-81.386,-84.627,0
-81.435,-84.677,0
-81.484,-84.726,0
-81.533,-84.773,0
-81.58,-84.819,0
-81.627,-84.863,0
-81.674,-84.906,0
-81.72,-84.948,0
-81.765,-84.989,0
-81.81,-85.028,0
-81.854,-85.067,0
-81.898,-85.104,0
-81.942,-85.142,0
-81.987,-85.18,0
-82.032,-85.219,0
-82.077,-85.258,0
-82.122,-85.298,0
-82.168,-85.338,0
-82.214,-85.379,0
-82.261,-85.421,0
-82.308,-85.463,0
-82.355,-85.506,0
-82.403,-85.549,0
-82.451,-85.593,0
-82.499,-85.637,0
-82.547,-85.682,0
-82.595,-85.726,0
-82.644,-85.771,0
-82.692,-85.816,0
-82.741,-85.862,0
-82.789,-85.908,0
-82.838,-85.954,0
-82.887,-86,0
-82.936,-86.047,0
-82.985,-86.094,0
-83.034,-86.14,0
-83.082,-86.187,0
-83.131,-86.233,0
-83.179,-86.28,0
-83.227,-86.326,0
-83.275,-86.372,0
-83.323,-86.419,0
-83.371,-86.465,0
-83.418,-86.511,0
-83.466,-86.557,0
-83.513,-86.603,0
-83.56,-86.648,0
-83.606,-86.693,0
-83.652,-86.737,0
-83.697,-86.781,0
-83.743,-86.824,0
-83.787,-86.867,0
-83.832,-86.91,0
-83.876,-86.953,0
-83.92,-86.995,0
-83.964,-87.037,0
-84.008,-87.081,0
-84.053,-87.125,0
-84.098,-87.17,0
-84.144,-87.217,0
-84.19,-87.264,0
-84.237,-87.312,0
-84.284,-87.361,0
-84.332,-87.411,0
-84.38,-87.462,0
-84.428,-87.514,0
-84.476,-87.566,0
-84.525,-87.619,0
-84.574,-87.672,0
-84.623,-87.725,0
-84.673,-87.779,0
-84.722,-87.834,0
-84.772,-87.888,0
-84.822,-87.943,0
-84.872,-87.998,0
-84.922,-88.053,0
-84.972,-88.108,0
-85.023,-88.164,0
-85.073,-88.22,0
-85.124,-88.276,0
-85.175,-88.332,0
-85.226,-88.388,0
-85.277,-88.444,0
-85.329,-88.501,0
-85.38,-88.557,0
-85.432,-88.614,0
-85.484,-88.67,0
-85.536,-88.726,0
-85.587,-88.781,0
-85.638,-88.835,0
-85.688,-88.888,0
-85.738,-88.939,0
-85.787,-88.99,0
-85.835,-89.038,0
-85.883,-89.086,0
-85.93,-89.132,0
-85.977,-89.177,0
-86.023,-89.221,0
-86.068,-89.264,0
-86.113,-89.306,0
-86.158,-89.347,0
-86.202,-89.387,0
-86.246,-89.426,0
-86.29,-89.464,0
-86.333,-89.502,0
-86.376,-89.539,0
-86.418,-89.575,0
-86.46,-89.611,0
-86.502,-89.646,0
-86.543,-89.681,0
-86.585,-89.716,0
-86.627,-89.753,0
-86.67,-89.79,0
-86.713,-89.828,0
-86.757,-89.868,0
-86.802,-89.908,0
-86.847,-89.949,0
-86.893,-89.992,0
-86.939,-90.036,0
-86.986,-90.08,0
-87.033,-90.125,0
-87.08,-90.171,0
-87.127,-90.217,0
-87.175,-90.264,0
-87.223,-90.311,0
-87.271,-90.359,0
-87.32,-90.408,0
-87.368,-90.457,0
-87.417,-90.507,0
-87.467,-90.557,0
-87.516,-90.607,0
-87.565,-90.657,0
-87.613,-90.706,0
-87.661,-90.755,0
-87.709,-90.804,0
-87.757,-90.852,0
-87.804,-90.9,0
-87.852,-90.948,0
-87.898,-90.995,0
-87.945,-91.041,0
-87.991,-91.088,0
-88.037,-91.134,0
-88.083,-91.18,0
-88.129,-91.226,0
-88.175,-91.272,0
-88.221,-91.318,0
-88.267,-91.364,0
-88.312,-91.41,0
-88.358,-91.455,0
-88.403,-91.501,0
-88.449,-91.547,0
-88.494,-91.592,0
-88.539,-91.638,0
-88.584,-91.683,0
-88.629,-91.728,0
-88.674,-91.774,0
-88.604,-118.8,0
-88.842,-139.43,0
-89.015,-138.95,0
-89.049,-139.4,0
-89.064,-139.99,0
-89.415,-129.26,0
-89.383,-111.02,0
-89.254,-109.49,0
-89.114,-108.33,0
-88.978,-107.71,0
-88.853,-107.53,0
-88.736,-107.65,0
-88.622,-107.97,0
-88.507,-108.4,0
-88.389,-108.89,0
-88.263,-109.4,0
-88.13,-109.89,0
-87.986,-110.32,0
-87.83,-110.68,0
-87.662,-110.95,0
-87.479,-111.11,0
-87.282,-111.15,0
-87.07,-111.05,0
-86.843,-110.81,0
-86.6,-110.43,0
-86.342,-109.89,0
-86.069,-109.21,0
-85.78,-108.38,0
-85.477,-107.4,0
-85.161,-106.29,0
-84.83,-105.05,0
-84.488,-103.69,0
-84.133,-102.23,0
-83.767,-100.7,0
-83.391,-99.094,0
-83.006,-97.448,0
-82.613,-95.777,0
-82.212,-94.099,0
-81.805,-92.432,0
-81.393,-90.789,0
-80.977,-89.186,0
-80.558,-87.631,0
-80.138,-86.133,0
-79.716,-84.698,0
-79.295,-83.329,0
-78.874,-82.029,0
-78.456,-80.799,0
-78.041,-79.637,0
-77.629,-78.544,0
-77.222,-77.517,0
-76.82,-76.554,0
-76.424,-75.652,0
-76.035,-74.809,0
-75.653,-74.022,0
-75.28,-73.288,0
-74.915,-72.604,0
-74.56,-71.968,0
-74.216,-71.375,0
-73.881,-70.824,0
-73.559,-70.312,0
-73.247,-69.835,0
-72.949,-69.393,0
-72.662,-68.981,0
-72.389,-68.598,0
-72.129,-68.242,0
-71.883,-67.909,0
-71.65,-67.6,0
-71.43,-67.311,0
-71.224,-67.042,0
-71.031,-66.792,0
-70.852,-66.559,0
-70.687,-66.343,0
-70.535,-66.144,0
-70.396,-65.962,0
-70.27,-65.796,0
-70.157,-65.647,0
-70.056,-65.515,0
-69.966,-65.4,0
-69.889,-65.304,0
-69.821,-65.226,0
-69.765,-65.168,0
-69.718,-65.13,0
-69.68,-65.113,0
-69.651,-65.117,0
-69.63,-65.145,0
-69.617,-65.196,0
-69.61,-65.27,0
-69.609,-65.369,0
-69.614,-65.493,0
-69.623,-65.641,0
-69.636,-65.813,0
-69.652,-66.009,0
-69.671,-66.229,0
-69.691,-66.472,0
-69.712,-66.736,0
-69.733,-67.02,0
-69.754,-67.322,0
-69.774,-67.641,0
-69.793,-67.973,0
-69.809,-68.317,0
-69.823,-68.67,0
-69.834,-69.028,0
-69.84,-69.388,0
-69.843,-69.747,0
-69.841,-70.101,0
-69.834,-70.445,0
-69.821,-70.776,0
-69.803,-71.09,0
-69.778,-71.385,0
-69.748,-71.655,0
-69.711,-71.899,0
-69.667,-72.113,0
-69.618,-72.296,0
-69.562,-72.445,0
-69.5,-72.559,0
-69.431,-72.637,0
-69.356,-72.68,0
-69.276,-72.686,0
-69.19,-72.656,0
-69.098,-72.592,0
-69.001,-72.495,0
-68.899,-72.366,0
-68.793,-72.209,0
-68.682,-72.024,0
-68.567,-71.816,0
-68.449,-71.586,0
-68.327,-71.338,0
-68.202,-71.075,0
-68.075,-70.799,0
-67.945,-70.513,0
-67.814,-70.221,0
-67.682,-69.925,0
-67.549,-69.628,0
-67.416,-69.332,0
-67.283,-69.039,0
-67.151,-68.751,0
-67.02,-68.47,0
-66.89,-68.196,0
-66.761,-67.932,0
-66.635,-67.679,0
-66.511,-67.437,0
-66.39,-67.206,0
-66.272,-66.989,0
-66.158,-66.784,0
-66.047,-66.592,0
-65.941,-66.414,0
-65.839,-66.249,0
-65.742,-66.099,0
-65.65,-65.962,0
-65.563,-65.838,0
-65.482,-65.729,0
-65.406,-65.632,0
-65.336,-65.549,0
-65.272,-65.478,0
-65.214,-65.42,0
-65.161,-65.375,0
-65.114,-65.342,0
-65.074,-65.322,0
-65.039,-65.314,0
-65.011,-65.319,0
-64.99,-65.337,0
-64.974,-65.367,0
-64.964,-65.41,0
-64.96,-65.465,0
-64.961,-65.532,0
-64.968,-65.611,0
-64.98,-65.702,0
-64.997,-65.805,0
-65.018,-65.92,0
-65.042,-66.044,0
-65.071,-66.179,0
-65.102,-66.323,0
-65.136,-66.477,0
-65.173,-66.639,0
-65.212,-66.81,0
-65.253,-66.989,0
-65.297,-67.176,0
-65.341,-67.368,0
-65.387,-67.567,0
-65.435,-67.771,0
-65.484,-67.981,0
-65.534,-68.194,0
-65.585,-68.411,0
-65.637,-68.631,0
-65.689,-68.851,0
-65.741,-69.071,0
-65.793,-69.291,0
-65.845,-69.508,0
-65.897,-69.722,0
-65.948,-69.931,0
-65.998,-70.135,0
-66.047,-70.332,0
-66.094,-70.521,0
-66.14,-70.702,0
-66.185,-70.873,0
-66.227,-71.034,0
-66.268,-71.185,0
-66.308,-71.323,0
-66.345,-71.45,0
-66.38,-71.565,0
-66.414,-71.666,0
-66.445,-71.755,0
-66.475,-71.831,0
-66.503,-71.895,0
-66.529,-71.946,0
-66.553,-71.985,0
-66.576,-72.011,0
-66.597,-72.025,0
-66.617,-72.028,0
-66.635,-72.02,0
-66.652,-72.001,0
-66.667,-71.972,0
-66.681,-71.933,0
-66.694,-71.885,0
-66.707,-71.829,0
-66.718,-71.765,0
-66.728,-71.695,0
-66.738,-71.618,0
-66.747,-71.536,0
-66.756,-71.449,0
-66.765,-71.358,0
-66.774,-71.265,0
-66.784,-71.169,0
-66.793,-71.071,0
-66.803,-70.973,0
-66.814,-70.874,0
-66.825,-70.776,0
-66.838,-70.678,0
-66.851,-70.583,0
-66.866,-70.49,0
-66.882,-70.399,0
-66.899,-70.312,0
-66.919,-70.229,0
-66.94,-70.15,0
-66.962,-70.075,0
-66.986,-70.004,0
-67.012,-69.938,0
-67.039,-69.878,0
-67.068,-69.822,0
-67.1,-69.773,0
-67.133,-69.729,0
-67.168,-69.692,0
-67.206,-69.661,0
-67.246,-69.636,0
-67.288,-69.619,0
-67.334,-69.61,0
-67.382,-69.608,0
-67.433,-69.614,0
-67.487,-69.629,0
-67.544,-69.65,0
-67.603,-69.68,0
-67.666,-69.718,0
-67.731,-69.764,0
-67.799,-69.817,0
-67.87,-69.878,0
-67.943,-69.946,0
-68.02,-70.022,0
-68.099,-70.106,0
-68.181,-70.197,0
-68.265,-70.296,0
-68.352,-70.401,0
-68.441,-70.513,0
-68.532,-70.632,0
-68.625,-70.757,0
-68.721,-70.887,0
-68.818,-71.023,0
-68.918,-71.165,0
-69.019,-71.311,0
-69.121,-71.462,0
-69.225,-71.616,0
-69.33,-71.775,0
-69.437,-71.937,0
-69.544,-72.102,0
-69.652,-72.269,0
-69.762,-72.438,0
-69.872,-72.609,0
-69.982,-72.781,0
-70.093,-72.952,0
-70.203,-73.123,0
-70.313,-73.293,0
-70.422,-73.461,0
-70.531,-73.626,0
-70.639,-73.79,0
-70.747,-73.951,0
-70.854,-74.108,0
-70.96,-74.262,0
-71.065,-74.412,0
-71.169,-74.559,0
-71.272,-74.7,0
-71.374,-74.838,0
-71.476,-74.97,0
-71.576,-75.098,0
-71.675,-75.221,0
-71.772,-75.339,0
-71.869,-75.452,0
-71.965,-75.56,0
-72.059,-75.663,0
-72.153,-75.762,0
-72.245,-75.855,0
-72.337,-75.944,0
-72.427,-76.029,0
-72.517,-76.109,0
-72.605,-76.186,0
-72.693,-76.259,0
-72.78,-76.328,0
-72.867,-76.394,0
-72.953,-76.458,0
-73.038,-76.518,0
-73.122,-76.577,0
-73.207,-76.633,0
-73.291,-76.688,0
-73.374,-76.741,0
-73.458,-76.793,0
-73.541,-76.845,0
-73.625,-76.896,0
-73.708,-76.947,0
-73.792,-76.998,0
-73.876,-77.049,0
-73.96,-77.101,0
-74.044,-77.154,0
-74.129,-77.208,0
-74.213,-77.263,0
-74.299,-77.32,0
-74.385,-77.378,0
-74.471,-77.437,0
-74.557,-77.499,0
-74.645,-77.562,0
-74.733,-77.628,0
-74.821,-77.696,0
-74.911,-77.766,0
-75.001,-77.839,0
-75.092,-77.915,0
-75.184,-77.995,0
-75.279,-78.079,0
-75.374,-78.166,0
-75.471,-78.258,0
-75.57,-78.353,0
-75.67,-78.452,0
-75.772,-78.555,0
-75.875,-78.661,0
-75.979,-78.772,0
-76.085,-78.886,0
-76.192,-79.003,0
-76.301,-79.124,0
-76.411,-79.249,0
-76.522,-79.376,0
-76.634,-79.507,0
-76.748,-79.641,0
-76.862,-79.778,0
-76.978,-79.917,0
-77.095,-80.059,0
-77.212,-80.204,0
-77.331,-80.35,0
-77.45,-80.498,0
-77.568,-80.646,0
-77.687,-80.795,0
-77.806,-80.944,0
-77.925,-81.093,0
-78.043,-81.243,0
-78.162,-81.391,0
-78.28,-81.54,0
-78.397,-81.688,0
-78.515,-81.835,0
-78.632,-81.982,0
-78.749,-82.128,0
-78.867,-82.274,0
-78.984,-82.42,0
-79.102,-82.566,0
-79.22,-82.711,0
-79.338,-82.855,0
-79.456,-82.999,0
-79.574,-83.141,0
-79.691,-83.283,0
-79.809,-83.423,0
-79.927,-83.562,0
-80.044,-83.699,0
-80.161,-83.834,0
-80.278,-83.968,0
-80.394,-84.099,0
-80.51,-84.229,0
-80.626,-84.356,0
-80.741,-84.482,0
-80.856,-84.605,0
-80.971,-84.726,0
-81.085,-84.846,0
-81.199,-84.963,0
-81.313,-85.078,0
-81.426,-85.191,0
-81.539,-85.302,0
-81.652,-85.412,0
-81.765,-85.519,0
-81.877,-85.625,0
-81.989,-85.729,0
-82.101,-85.831,0
-82.213,-85.932,0
-82.324,-86.031,0
-82.435,-86.128,0
-82.546,-86.224,0
-82.657,-86.319,0
-82.767,-86.412,0
-82.878,-86.505,0
-82.988,-86.596,0
-83.098,-86.686,0
-83.208,-86.776,0
-83.318,-86.864,0
-83.428,-86.953,0
-83.537,-87.04,0
-83.647,-87.127,0
-83.756,-87.213,0
-83.865,-87.299,0
-83.973,-87.384,0
-84.082,-87.469,0
-84.191,-87.554,0
-84.299,-87.639,0
-84.408,-87.724,0
-84.516,-87.809,0
-84.625,-87.895,0
-84.734,-87.982,0
-84.843,-88.071,0
-84.953,-88.161,0
-85.064,-88.252,0
-85.175,-88.345,0
-85.287,-88.44,0
-85.4,-88.536,0
-85.513,-88.634,0
-85.626,-88.734,0
-85.741,-88.836,0
-85.856,-88.939,0
-85.971,-89.044,0
-86.086,-89.15,0
-86.203,-89.258,0
-86.319,-89.367,0
-86.436,-89.478,0
-86.554,-89.59,0
-86.672,-89.704,0
-86.79,-89.819,0
-86.908,-89.936,0
-87.027,-90.053,0
-87.147,-90.173,0
-87.266,-90.293,0
-87.386,-90.414,0
-87.506,-90.536,0
-87.626,-90.659,0
-87.746,-90.782,0
-87.867,-90.907,0
-87.987,-91.032,0
-88.108,-91.158,0
-88.229,-91.284,0
-88.349,-91.411,0
-88.47,-91.538,0
-88.591,-91.665,0
-88.713,-91.794,0
-88.834,-91.922,0
-88.955,-92.051,0
-89.077,-92.18,0
-89.198,-92.309,0
-89.32,-92.438,0
-89.442,-92.568,0
-89.563,-92.697,0
-89.685,-92.826,0
-89.806,-92.954,0
-89.927,-93.082,0
-90.048,-93.209,0
-90.169,-93.336,0
-90.289,-93.461,0
-90.409,-93.586,0
-90.529,-93.71,0
-90.648,-93.833,0
-90.767,-93.955,0
-90.886,-94.077,0
-91.004,-94.197,0
-91.122,-94.316,0
-91.239,-94.434,0
-91.357,-94.551,0
-91.473,-94.667,0
-91.59,-94.783,0
-91.706,-94.897,0
-91.821,-95.01,0
-91.937,-95.122,0
-92.052,-95.233,0
-92.166,-95.343,0
-92.28,-95.453,0
-92.394,-95.561,0
-92.507,-95.667,0
-92.619,-95.773,0
-92.731,-95.877,0
-92.842,-95.98,0
-92.953,-96.081,0
-93.063,-96.182,0
-93.172,-96.282,0
-93.281,-96.38,0
-93.389,-96.478,0
-93.497,-96.575,0
-93.605,-96.672,0
-93.712,-96.768,0
-93.818,-96.864,0
-93.925,-96.959,0
-94.031,-97.054,0
-94.137,-97.149,0
-94.242,-97.243,0
-94.348,-97.338,0
-94.453,-97.433,0
-94.558,-97.527,0
-94.662,-97.622,0
-94.766,-97.716,0
-94.87,-97.811,0
